{"level":"INFO","ts":"2024-05-08 16:06:56","caller":"cdn-check/manager.go:46","msg":"[gomap][CdnFilter]本组识别了ip: ","原本的总ip数：":2,"识别为cdn的ip数：":1}
{"level":"INFO","ts":"2024-05-08 16:08:11","caller":"cdn-check/manager.go:46","msg":"[gomap][CdnFilter]本组识别了ip:","原本的总ip数：":2,"识别为cdn的ip数：":1}
{"level":"INFO","ts":"2024-05-08 16:08:54","caller":"cdn-check/manager.go:46","msg":"[gomap][CdnFilter]本组识别了ip:","识别为cdn的ip数：":1,"原本的总ip数：":2}
{"level":"INFO","ts":"2024-05-08 16:09:24","caller":"cdn-check/manager.go:46","msg":"[gomap][CdnFilter]本组识别了ip:","识别为cdn的ip数：":1,"原本的总ip数：":2}
{"level":"INFO","ts":"2024-05-08 16:14:32","caller":"cdn-check/manager.go:42","msg":"gomap CdnFilter 接口出现了问题,识别为不是cdn"}
{"level":"INFO","ts":"2024-05-08 16:14:32","caller":"cdn-check/manager.go:46","msg":"[gomap][CdnFilter]本组识别了ip:","识别为cdn的ip数：":293,"原本的总ip数：":300}
{"level":"INFO","ts":"2024-05-08 16:14:42","caller":"cdn-check/manager.go:42","msg":"gomap CdnFilter 接口出现了问题,识别为不是cdn"}
{"level":"INFO","ts":"2024-05-08 16:14:42","caller":"cdn-check/manager.go:46","msg":"[gomap][CdnFilter]本组识别了ip:","原本的总ip数：":300,"识别为cdn的ip数：":293}
{"level":"INFO","ts":"2024-05-08 16:15:47","caller":"cdn-check/manager.go:42","msg":"gomap CdnFilter 接口出现了问题,识别为不是cdn"}
{"level":"INFO","ts":"2024-05-08 16:15:47","caller":"cdn-check/manager.go:46","msg":"[gomap][CdnFilter]本组识别了ip:","识别为cdn的ip数：":292,"原本的总ip数：":300}
{"level":"INFO","ts":"2024-05-08 16:16:17","caller":"cdn-check/manager.go:42","msg":"gomap CdnFilter 接口出现了问题,识别为不是cdn"}
{"level":"INFO","ts":"2024-05-08 16:16:17","caller":"cdn-check/manager.go:46","msg":"[gomap][CdnFilter]本组识别了ip:","原本的总ip数：":300,"识别为cdn的ip数：":291}
{"level":"INFO","ts":"2024-05-08 16:16:33","caller":"cdn-check/manager.go:42","msg":"gomap CdnFilter 接口出现了问题,识别为不是cdn"}
{"level":"INFO","ts":"2024-05-08 16:16:33","caller":"cdn-check/manager.go:46","msg":"[gomap][CdnFilter]本组识别了ip:","识别为cdn的ip数：":291,"原本的总ip数：":300}
{"level":"INFO","ts":"2024-05-08 16:17:38","caller":"cdn-check/manager.go:41","msg":"gomap CdnFilter err","err":{"error":"[Code: BadRequest; Message: ips list is empty or too much; RequestId: 12221d1d-d420-4fab-b2f2-599aaa1578df]","kind":"*bce.BceServiceError","stack":null}}
{"level":"INFO","ts":"2024-05-08 16:17:38","caller":"cdn-check/manager.go:43","msg":"gomap CdnFilter 接口出现了问题,识别为不是cdn"}
{"level":"INFO","ts":"2024-05-08 16:17:38","caller":"cdn-check/manager.go:47","msg":"[gomap][CdnFilter]本组识别了ip:","原本的总ip数：":300,"识别为cdn的ip数：":292}
{"level":"INFO","ts":"2024-05-08 16:18:45","caller":"cdn-check/manager.go:41","msg":"gomap CdnFilter err","err":{"error":"[Code: BadRequest; Message: ips list is empty or too much; RequestId: dd7fb04b-f5cd-465d-9024-4ac39f78a30c]","kind":"*bce.BceServiceError","stack":null}}
{"level":"INFO","ts":"2024-05-08 16:18:45","caller":"cdn-check/manager.go:43","msg":"gomap CdnFilter 接口出现了问题,识别为不是cdn"}
{"level":"INFO","ts":"2024-05-08 16:18:45","caller":"cdn-check/manager.go:47","msg":"[gomap][CdnFilter]本组识别了ip:","原本的总ip数：":300,"识别为cdn的ip数：":294}
{"level":"INFO","ts":"2024-05-08 16:19:07","caller":"cdn-check/manager.go:41","msg":"gomap CdnFilter err","err":{"error":"[Code: BadRequest; Message: ips list is empty or too much; RequestId: 4f57762d-e85a-4d6a-81e0-762dbca2c5a3]","kind":"*bce.BceServiceError","stack":null}}
{"level":"INFO","ts":"2024-05-08 16:19:07","caller":"cdn-check/manager.go:43","msg":"gomap CdnFilter 接口出现了问题,识别为不是cdn"}
{"level":"INFO","ts":"2024-05-08 16:19:07","caller":"cdn-check/manager.go:47","msg":"[gomap][CdnFilter]本组识别了ip:","识别为cdn的ip数：":293,"原本的总ip数：":300}
{"level":"INFO","ts":"2024-05-08 16:19:27","caller":"cdn-check/manager.go:41","msg":"gomap CdnFilter err","err":{"error":"[Code: BadRequest; Message: ips list is empty or too much; RequestId: e61dfdfd-3e6e-40a6-aa7a-51a1f960242c]","kind":"*bce.BceServiceError","stack":null}}
{"level":"INFO","ts":"2024-05-08 16:19:27","caller":"cdn-check/manager.go:43","msg":"gomap CdnFilter 接口出现了问题,识别为不是cdn"}
{"level":"INFO","ts":"2024-05-08 16:19:27","caller":"cdn-check/manager.go:47","msg":"[gomap][CdnFilter]本组识别了ip:","原本的总ip数：":300,"识别为cdn的ip数：":292}
{"level":"INFO","ts":"2024-05-08 16:23:01","caller":"cdn-check/manager.go:41","msg":"gomap CdnFilter err","err":{"error":"[Code: BadRequest; Message: ips list is empty or too much; RequestId: 8bdf55dc-56ba-4b47-b83f-81da792910ef]","kind":"*bce.BceServiceError","stack":null}}
{"level":"INFO","ts":"2024-05-08 16:23:01","caller":"cdn-check/manager.go:43","msg":"gomap CdnFilter 接口出现了问题,识别为不是cdn"}
{"level":"INFO","ts":"2024-05-08 16:23:03","caller":"cdn-check/manager.go:47","msg":"[gomap][CdnFilter]本组识别了ip:","原本的总ip数：":300,"识别为cdn的ip数：":292}
{"level":"INFO","ts":"2024-05-08 16:29:34","caller":"cdn-check/manager.go:50","msg":"[gomap][CdnFilter]本组识别了ip:","原本的总ip数：":300,"识别为cdn的ip数：":293}
{"level":"INFO","ts":"2024-05-08 16:35:35","caller":"cdn-check/manager.go:50","msg":"[gomap][CdnFilter]本组识别了ip:","原本的总ip数：":300,"识别为cdn的ip数：":-3}
{"level":"INFO","ts":"2024-05-08 16:47:37","caller":"cdn-check/manager.go:50","msg":"[gomap][CdnFilter]本组识别了ip:","识别为cdn的ip数：":0,"原本的总ip数：":300}
{"level":"INFO","ts":"2024-05-08 16:48:31","caller":"cdn-check/manager.go:47","msg":"[gomap][CdnFilter]本组识别了ip:","识别为cdn的ip数：":1,"原本的总ip数：":301}
{"level":"INFO","ts":"2024-05-08 16:49:13","caller":"cdn-check/manager.go:47","msg":"[gomap][CdnFilter]本组识别了ip:","识别为cdn的ip数：":1,"原本的总ip数：":302}
{"level":"INFO","ts":"2024-05-08 20:19:08","caller":"cdn-check/manager.go:47","msg":"[gomap][CdnFilter]本组识别了ip:","识别为cdn的ip数：":1,"原本的总ip数：":302}
{"level":"INFO","ts":"2024-05-08 20:19:09","caller":"cdn-check/manager.go:57","msg":"gomap CdnFilter 接口出现了问题,识别为不是cdn"}
{"level":"INFO","ts":"2024-05-08 20:19:09","caller":"cdn-check/manager.go:47","msg":"[gomap][CdnFilter]本组识别了ip:","识别为cdn的ip数：":0,"原本的总ip数：":301}
{"level":"INFO","ts":"2024-05-08 20:20:05","caller":"cdn-check/manager.go:47","msg":"[gomap][CdnFilter]本组识别了ip:","原本的总ip数：":302,"识别为cdn的ip数：":1}
{"level":"INFO","ts":"2024-05-08 20:20:07","caller":"cdn-check/manager.go:47","msg":"[gomap][CdnFilter]本组识别了ip:","原本的总ip数：":301,"识别为cdn的ip数：":0}
{"level":"INFO","ts":"2024-05-08 20:21:11","caller":"cdn-check/manager.go:47","msg":"[gomap][CdnFilter]本组识别了ip:","原本的总ip数：":302,"识别为cdn的ip数：":1}
{"level":"INFO","ts":"2024-05-08 20:21:26","caller":"cdn-check/manager.go:47","msg":"[gomap][CdnFilter]本组识别了ip:","原本的总ip数：":301,"识别为cdn的ip数：":0}
{"level":"INFO","ts":"2024-05-08 20:21:53","caller":"cdn-check/manager.go:47","msg":"[gomap][CdnFilter]本组识别了ip:","原本的总ip数：":302,"识别为cdn的ip数：":1}
{"level":"INFO","ts":"2024-05-08 20:21:55","caller":"cdn-check/manager.go:47","msg":"[gomap][CdnFilter]本组识别了ip:","原本的总ip数：":301,"识别为cdn的ip数：":0}
{"level":"INFO","ts":"2024-05-08 20:22:56","caller":"cdn-check/manager.go:47","msg":"[gomap][CdnFilter]本组识别了ip:","原本的总ip数：":302,"识别为cdn的ip数：":1}
{"level":"INFO","ts":"2024-05-08 20:22:57","caller":"cdn-check/manager.go:47","msg":"[gomap][CdnFilter]本组识别了ip:","原本的总ip数：":301,"识别为cdn的ip数：":0}
{"level":"INFO","ts":"2024-05-08 21:01:44","caller":"cdn-check/manager.go:48","msg":"[gomap][CdnFilter]本组识别了ip:","原本的总ip数：":302,"识别为cdn的ip数：":1}
{"level":"INFO","ts":"2024-05-08 21:01:45","caller":"cdn-check/manager.go:48","msg":"[gomap][CdnFilter]本组识别了ip:","原本的总ip数：":301,"识别为cdn的ip数：":0}
{"level":"INFO","ts":"2024-05-08 21:02:55","caller":"cdn-check/manager.go:48","msg":"[gomap][CdnFilter]本组识别了ip:","原本的总ip数：":302,"识别为cdn的ip数：":1}
{"level":"INFO","ts":"2024-05-08 21:02:56","caller":"cdn-check/manager.go:48","msg":"[gomap][CdnFilter]本组识别了ip:","原本的总ip数：":301,"识别为cdn的ip数：":0}
{"level":"INFO","ts":"2024-05-08 22:23:57","caller":"cdn-check/manager.go:51","msg":"[gomap][CdnFilter]本组识别了ip:","识别为cdn的ip数：":302,"原本的总ip数：":302}
{"level":"INFO","ts":"2024-05-08 22:23:57","caller":"cdn-check/manager.go:51","msg":"[gomap][CdnFilter]本组识别了ip:","原本的总ip数：":0,"识别为cdn的ip数：":0}
{"level":"INFO","ts":"2024-05-08 22:23:57","caller":"cdn-check/manager.go:51","msg":"[gomap][CdnFilter]本组识别了ip:","原本的总ip数：":0,"识别为cdn的ip数：":0}
{"level":"INFO","ts":"2024-05-08 22:31:33","caller":"cdn-check/manager.go:51","msg":"[gomap][CdnFilter]本组识别了ip:","原本的总ip数：":302,"识别为cdn的ip数：":0}
{"level":"INFO","ts":"2024-05-08 22:31:34","caller":"cdn-check/manager.go:48","msg":"[gomap][CdnFilter]本组识别了ip:","原本的总ip数：":302,"识别为cdn的ip数：":1}
{"level":"INFO","ts":"2024-05-08 22:31:35","caller":"cdn-check/manager.go:48","msg":"[gomap][CdnFilter]本组识别了ip:","识别为cdn的ip数：":0,"原本的总ip数：":301}
{"level":"INFO","ts":"2024-05-08 22:32:18","caller":"cdn-check/manager.go:51","msg":"[gomap][CdnFilter]本组识别了ip:","原本的总ip数：":302,"识别为cdn的ip数：":0}
{"level":"INFO","ts":"2024-05-08 22:32:19","caller":"cdn-check/manager.go:48","msg":"[gomap][CdnFilter]本组识别了ip:","原本的总ip数：":302,"识别为cdn的ip数：":1}
{"level":"INFO","ts":"2024-05-08 22:32:20","caller":"cdn-check/manager.go:48","msg":"[gomap][CdnFilter]本组识别了ip:","原本的总ip数：":301,"识别为cdn的ip数：":0}
{"level":"INFO","ts":"2024-05-14 14:13:38.063","caller":"cdn-check/manager.go:48","msg":"[gomap][CdnFilter]本组识别了ip:","原本的总ip数：":302,"识别为cdn的ip数：":0}
{"level":"INFO","ts":"2024-05-14 14:21:44.470","caller":"cdn-check/manager.go:58","msg":"gomap CdnFilter 接口出现了问题,识别为不是cdn","err":{"error":"the number of IPs exceeds the limit","kind":"*errors.errorString","stack":null}}
{"level":"INFO","ts":"2024-05-14 14:21:44.675","caller":"cdn-check/manager.go:58","msg":"gomap CdnFilter 接口出现了问题,识别为不是cdn","err":{"error":"the number of IPs exceeds the limit","kind":"*errors.errorString","stack":null}}
{"level":"INFO","ts":"2024-05-14 14:21:44.879","caller":"cdn-check/manager.go:58","msg":"gomap CdnFilter 接口出现了问题,识别为不是cdn","err":{"error":"the number of IPs exceeds the limit","kind":"*errors.errorString","stack":null}}
{"level":"INFO","ts":"2024-05-14 14:21:45.083","caller":"cdn-check/manager.go:58","msg":"gomap CdnFilter 接口出现了问题,识别为不是cdn","err":{"error":"the number of IPs exceeds the limit","kind":"*errors.errorString","stack":null}}
{"level":"INFO","ts":"2024-05-14 14:21:45.288","caller":"cdn-check/manager.go:58","msg":"gomap CdnFilter 接口出现了问题,识别为不是cdn","err":{"error":"the number of IPs exceeds the limit","kind":"*errors.errorString","stack":null}}
{"level":"INFO","ts":"2024-05-14 14:21:45.492","caller":"cdn-check/manager.go:58","msg":"gomap CdnFilter 接口出现了问题,识别为不是cdn","err":{"error":"the number of IPs exceeds the limit","kind":"*errors.errorString","stack":null}}
{"level":"INFO","ts":"2024-05-14 14:21:45.696","caller":"cdn-check/manager.go:58","msg":"gomap CdnFilter 接口出现了问题,识别为不是cdn","err":{"error":"the number of IPs exceeds the limit","kind":"*errors.errorString","stack":null}}
{"level":"INFO","ts":"2024-05-14 14:21:45.900","caller":"cdn-check/manager.go:58","msg":"gomap CdnFilter 接口出现了问题,识别为不是cdn","err":{"error":"the number of IPs exceeds the limit","kind":"*errors.errorString","stack":null}}
{"level":"INFO","ts":"2024-05-14 14:21:46.105","caller":"cdn-check/manager.go:58","msg":"gomap CdnFilter 接口出现了问题,识别为不是cdn","err":{"error":"the number of IPs exceeds the limit","kind":"*errors.errorString","stack":null}}
{"level":"INFO","ts":"2024-05-14 14:21:46.309","caller":"cdn-check/manager.go:58","msg":"gomap CdnFilter 接口出现了问题,识别为不是cdn","err":{"error":"the number of IPs exceeds the limit","kind":"*errors.errorString","stack":null}}
{"level":"INFO","ts":"2024-05-14 14:21:46.523","caller":"cdn-check/manager.go:58","msg":"gomap CdnFilter 接口出现了问题,识别为不是cdn","err":{"error":"the number of IPs exceeds the limit","kind":"*errors.errorString","stack":null}}
{"level":"INFO","ts":"2024-05-14 14:21:46.728","caller":"cdn-check/manager.go:58","msg":"gomap CdnFilter 接口出现了问题,识别为不是cdn","err":{"error":"the number of IPs exceeds the limit","kind":"*errors.errorString","stack":null}}
{"level":"INFO","ts":"2024-05-14 14:21:46.932","caller":"cdn-check/manager.go:58","msg":"gomap CdnFilter 接口出现了问题,识别为不是cdn","err":{"error":"the number of IPs exceeds the limit","kind":"*errors.errorString","stack":null}}
{"level":"INFO","ts":"2024-05-14 14:21:47.136","caller":"cdn-check/manager.go:58","msg":"gomap CdnFilter 接口出现了问题,识别为不是cdn","err":{"error":"the number of IPs exceeds the limit","kind":"*errors.errorString","stack":null}}
{"level":"INFO","ts":"2024-05-14 14:21:47.340","caller":"cdn-check/manager.go:58","msg":"gomap CdnFilter 接口出现了问题,识别为不是cdn","err":{"error":"the number of IPs exceeds the limit","kind":"*errors.errorString","stack":null}}
{"level":"INFO","ts":"2024-05-14 14:21:47.543","caller":"cdn-check/manager.go:58","msg":"gomap CdnFilter 接口出现了问题,识别为不是cdn","err":{"error":"the number of IPs exceeds the limit","kind":"*errors.errorString","stack":null}}
{"level":"INFO","ts":"2024-05-14 14:21:47.748","caller":"cdn-check/manager.go:58","msg":"gomap CdnFilter 接口出现了问题,识别为不是cdn","err":{"error":"the number of IPs exceeds the limit","kind":"*errors.errorString","stack":null}}
{"level":"INFO","ts":"2024-05-14 14:21:47.952","caller":"cdn-check/manager.go:58","msg":"gomap CdnFilter 接口出现了问题,识别为不是cdn","err":{"error":"the number of IPs exceeds the limit","kind":"*errors.errorString","stack":null}}
{"level":"INFO","ts":"2024-05-14 14:21:48.157","caller":"cdn-check/manager.go:58","msg":"gomap CdnFilter 接口出现了问题,识别为不是cdn","err":{"error":"the number of IPs exceeds the limit","kind":"*errors.errorString","stack":null}}
{"level":"INFO","ts":"2024-05-14 14:21:48.361","caller":"cdn-check/manager.go:58","msg":"gomap CdnFilter 接口出现了问题,识别为不是cdn","err":{"error":"the number of IPs exceeds the limit","kind":"*errors.errorString","stack":null}}
{"level":"INFO","ts":"2024-05-14 14:21:48.565","caller":"cdn-check/manager.go:58","msg":"gomap CdnFilter 接口出现了问题,识别为不是cdn","err":{"error":"the number of IPs exceeds the limit","kind":"*errors.errorString","stack":null}}
{"level":"INFO","ts":"2024-05-14 14:21:48.770","caller":"cdn-check/manager.go:58","msg":"gomap CdnFilter 接口出现了问题,识别为不是cdn","err":{"error":"the number of IPs exceeds the limit","kind":"*errors.errorString","stack":null}}
{"level":"INFO","ts":"2024-05-14 14:21:48.975","caller":"cdn-check/manager.go:58","msg":"gomap CdnFilter 接口出现了问题,识别为不是cdn","err":{"error":"the number of IPs exceeds the limit","kind":"*errors.errorString","stack":null}}
{"level":"INFO","ts":"2024-05-14 14:21:49.179","caller":"cdn-check/manager.go:58","msg":"gomap CdnFilter 接口出现了问题,识别为不是cdn","err":{"error":"the number of IPs exceeds the limit","kind":"*errors.errorString","stack":null}}
{"level":"INFO","ts":"2024-05-14 14:21:49.384","caller":"cdn-check/manager.go:58","msg":"gomap CdnFilter 接口出现了问题,识别为不是cdn","err":{"error":"the number of IPs exceeds the limit","kind":"*errors.errorString","stack":null}}
{"level":"INFO","ts":"2024-05-14 14:21:49.588","caller":"cdn-check/manager.go:58","msg":"gomap CdnFilter 接口出现了问题,识别为不是cdn","err":{"error":"the number of IPs exceeds the limit","kind":"*errors.errorString","stack":null}}
{"level":"INFO","ts":"2024-05-14 14:21:49.793","caller":"cdn-check/manager.go:58","msg":"gomap CdnFilter 接口出现了问题,识别为不是cdn","err":{"error":"the number of IPs exceeds the limit","kind":"*errors.errorString","stack":null}}
{"level":"INFO","ts":"2024-05-14 14:21:49.998","caller":"cdn-check/manager.go:58","msg":"gomap CdnFilter 接口出现了问题,识别为不是cdn","err":{"error":"the number of IPs exceeds the limit","kind":"*errors.errorString","stack":null}}
{"level":"INFO","ts":"2024-05-14 14:21:50.203","caller":"cdn-check/manager.go:58","msg":"gomap CdnFilter 接口出现了问题,识别为不是cdn","err":{"error":"the number of IPs exceeds the limit","kind":"*errors.errorString","stack":null}}
{"level":"INFO","ts":"2024-05-14 14:21:50.408","caller":"cdn-check/manager.go:58","msg":"gomap CdnFilter 接口出现了问题,识别为不是cdn","err":{"error":"the number of IPs exceeds the limit","kind":"*errors.errorString","stack":null}}
{"level":"INFO","ts":"2024-05-14 14:21:50.613","caller":"cdn-check/manager.go:44","msg":"gomap CdnFilter 接口出现了问题,识别为不是cdn","err":{"error":"the number of IPs exceeds the limit","kind":"*errors.errorString","stack":null}}
{"level":"INFO","ts":"2024-05-14 14:21:50.613","caller":"cdn-check/manager.go:48","msg":"[gomap][CdnFilter]本组识别了ip:","原本的总ip数：":302,"识别为cdn的ip数：":0}
{"level":"INFO","ts":"2024-05-14 14:23:32.211","caller":"cdn-check/manager.go:51","msg":"[gomap][CdnFilter]本组识别了ip:","原本的总ip数：":302,"识别为cdn的ip数：":0}
{"level":"INFO","ts":"2024-05-14 14:31:00.662","caller":"cdn-check/manager.go:48","msg":"[gomap][CdnFilter]本组识别了ip:","识别为cdn的ip数：":0,"原本的总ip数：":302}
{"level":"INFO","ts":"2024-05-14 17:56:30.770","caller":"cdn-check/alibaba_ip2cdn.go:149","msg":"Alibaba Checker doCheck err:","reason":"unexpected end of JSON input"}
{"level":"INFO","ts":"2024-05-14 17:56:30.783","caller":"cdn-check/alibaba_ip2cdn.go:149","msg":"Alibaba Checker doCheck err:","reason":"unexpected end of JSON input"}
{"level":"INFO","ts":"2024-05-14 17:56:30.786","caller":"cdn-check/alibaba_ip2cdn.go:149","msg":"Alibaba Checker doCheck err:","reason":"unexpected end of JSON input"}
{"level":"INFO","ts":"2024-05-14 17:56:30.794","caller":"cdn-check/alibaba_ip2cdn.go:149","msg":"Alibaba Checker doCheck err:","reason":"unexpected end of JSON input"}
{"level":"INFO","ts":"2024-05-14 17:56:30.798","caller":"cdn-check/alibaba_ip2cdn.go:149","msg":"Alibaba Checker doCheck err:","reason":"unexpected end of JSON input"}
{"level":"INFO","ts":"2024-05-14 17:56:30.809","caller":"cdn-check/alibaba_ip2cdn.go:149","msg":"Alibaba Checker doCheck err:","reason":"unexpected end of JSON input"}
{"level":"INFO","ts":"2024-05-14 17:56:30.809","caller":"cdn-check/alibaba_ip2cdn.go:149","msg":"Alibaba Checker doCheck err:","reason":"unexpected end of JSON input"}
{"level":"INFO","ts":"2024-05-14 17:56:35.118","caller":"cdn-check/manager.go:77","msg":"[gomap][CdnFilter]本组识别了ip:","原本的总ip数：":302,"识别为cdn的ip数：":52}
{"level":"INFO","ts":"2024-05-14 17:56:35.118","caller":"cdn-check/manager.go:77","msg":"[gomap][CdnFilter]本组识别了ip:","原本的总ip数：":250,"识别为cdn的ip数：":250}
{"level":"INFO","ts":"2024-05-14 18:00:18.098","caller":"cdn-check/manager.go:77","msg":"[gomap][CdnFilter]本组识别了ip:","识别为cdn的ip数：":302,"原本的总ip数：":302}
{"level":"INFO","ts":"2024-05-14 18:00:58.048","caller":"cdn-check/manager.go:77","msg":"[gomap][CdnFilter]本组识别了ip:","识别为cdn的ip数：":302,"原本的总ip数：":302}
{"level":"INFO","ts":"2024-05-14 18:02:52.662","caller":"cdn-check/manager.go:77","msg":"[gomap][CdnFilter]本组识别了ip:","原本的总ip数：":302,"识别为cdn的ip数：":302}
{"level":"INFO","ts":"2024-05-14 18:05:34.335","caller":"cdn-check/manager.go:77","msg":"[gomap][CdnFilter]本组识别了ip:","识别为cdn的ip数：":302,"原本的总ip数：":302}
{"level":"INFO","ts":"2024-05-14 18:12:19.091","caller":"cdn-check/manager.go:60","msg":"gomap CdnFilter 接口出现了问题,识别为不是cdn","err":{"error":"[Code: BadRequest; Message: Invalid ip address ; RequestId: fcd19817-ada2-46da-8dae-3dabbe372f66]","kind":"*bce.BceServiceError","stack":null}}
{"level":"INFO","ts":"2024-05-14 18:12:19.104","caller":"cdn-check/manager.go:86","msg":"[gomap][CdnFilter]本组识别了ip:","识别为cdn的ip数：":-98,"原本的总ip数：":302}
{"level":"INFO","ts":"2024-05-14 18:17:07.631","caller":"cdn-check/manager.go:86","msg":"[gomap][CdnFilter]本组识别了ip:","原本的总ip数：":302,"识别为cdn的ip数：":1}
{"level":"INFO","ts":"2024-05-14 19:35:08.068","caller":"cdn-check/manager.go:88","msg":"[gomap][CdnFilter]识别了ip:","原本的总ip数：":302,"识别为cdn的ip数：":1,"checker:":"baidu"}
{"level":"INFO","ts":"2024-05-14 19:35:11.233","caller":"cdn-check/manager.go:88","msg":"[gomap][CdnFilter]识别了ip:","识别为cdn的ip数：":0,"checker:":"wangsu","原本的总ip数：":301}
{"level":"INFO","ts":"2024-05-14 19:35:38.050","caller":"cdn-check/ip2cdn.go:60","msg":"the ip addresses of the cdn the checkers recognized :","cdnList:":"[116.114.98.35]"}
{"level":"INFO","ts":"2024-05-14 19:44:55.334","caller":"cdn-check/manager.go:88","msg":"[gomap][CdnFilter]识别了ip:","checker:":"alibaba","原本的总ip数：":302,"识别为cdn的ip数：":0}
{"level":"INFO","ts":"2024-05-14 19:44:56.761","caller":"cdn-check/manager.go:88","msg":"[gomap][CdnFilter]识别了ip:","原本的总ip数：":302,"识别为cdn的ip数：":1,"checker:":"baidu"}
{"level":"INFO","ts":"2024-05-14 19:44:56.891","caller":"cdn-check/manager.go:88","msg":"[gomap][CdnFilter]识别了ip:","checker:":"wangsu","原本的总ip数：":301,"识别为cdn的ip数：":0}
{"level":"INFO","ts":"2024-05-14 19:44:56.891","caller":"cdn-check/ip2cdn.go:60","msg":"the ip addresses of the cdn the checkers recognized :","cdnList:":"[116.114.98.35]"}
{"level":"INFO","ts":"2024-05-14 19:45:31.677","caller":"cdn-check/alibaba_ip2cdn.go:149","msg":"Alibaba Checker doCheck err:","reason":"unexpected end of JSON input"}
{"level":"INFO","ts":"2024-05-14 19:45:31.690","caller":"cdn-check/alibaba_ip2cdn.go:149","msg":"Alibaba Checker doCheck err:","reason":"unexpected end of JSON input"}
{"level":"INFO","ts":"2024-05-14 19:45:31.699","caller":"cdn-check/alibaba_ip2cdn.go:149","msg":"Alibaba Checker doCheck err:","reason":"unexpected end of JSON input"}
{"level":"INFO","ts":"2024-05-14 19:45:31.699","caller":"cdn-check/alibaba_ip2cdn.go:149","msg":"Alibaba Checker doCheck err:","reason":"unexpected end of JSON input"}
{"level":"INFO","ts":"2024-05-14 19:45:31.705","caller":"cdn-check/alibaba_ip2cdn.go:149","msg":"Alibaba Checker doCheck err:","reason":"unexpected end of JSON input"}
{"level":"INFO","ts":"2024-05-14 19:45:31.708","caller":"cdn-check/alibaba_ip2cdn.go:149","msg":"Alibaba Checker doCheck err:","reason":"unexpected end of JSON input"}
{"level":"INFO","ts":"2024-05-14 19:45:31.714","caller":"cdn-check/alibaba_ip2cdn.go:149","msg":"Alibaba Checker doCheck err:","reason":"unexpected end of JSON input"}
{"level":"INFO","ts":"2024-05-14 19:45:31.716","caller":"cdn-check/alibaba_ip2cdn.go:149","msg":"Alibaba Checker doCheck err:","reason":"unexpected end of JSON input"}
{"level":"INFO","ts":"2024-05-14 19:45:31.718","caller":"cdn-check/alibaba_ip2cdn.go:149","msg":"Alibaba Checker doCheck err:","reason":"unexpected end of JSON input"}
{"level":"INFO","ts":"2024-05-14 19:45:31.726","caller":"cdn-check/alibaba_ip2cdn.go:149","msg":"Alibaba Checker doCheck err:","reason":"unexpected end of JSON input"}
{"level":"INFO","ts":"2024-05-14 19:45:31.727","caller":"cdn-check/alibaba_ip2cdn.go:149","msg":"Alibaba Checker doCheck err:","reason":"unexpected end of JSON input"}
{"level":"INFO","ts":"2024-05-14 19:45:31.728","caller":"cdn-check/alibaba_ip2cdn.go:149","msg":"Alibaba Checker doCheck err:","reason":"unexpected end of JSON input"}
{"level":"INFO","ts":"2024-05-14 19:45:31.739","caller":"cdn-check/alibaba_ip2cdn.go:149","msg":"Alibaba Checker doCheck err:","reason":"unexpected end of JSON input"}
{"level":"INFO","ts":"2024-05-14 19:45:31.739","caller":"cdn-check/alibaba_ip2cdn.go:149","msg":"Alibaba Checker doCheck err:","reason":"unexpected end of JSON input"}
{"level":"INFO","ts":"2024-05-14 19:45:31.739","caller":"cdn-check/alibaba_ip2cdn.go:149","msg":"Alibaba Checker doCheck err:","reason":"unexpected end of JSON input"}
{"level":"INFO","ts":"2024-05-14 19:45:31.754","caller":"cdn-check/alibaba_ip2cdn.go:149","msg":"Alibaba Checker doCheck err:","reason":"unexpected end of JSON input"}
{"level":"INFO","ts":"2024-05-14 19:45:31.754","caller":"cdn-check/alibaba_ip2cdn.go:149","msg":"Alibaba Checker doCheck err:","reason":"unexpected end of JSON input"}
{"level":"INFO","ts":"2024-05-14 19:45:31.769","caller":"cdn-check/alibaba_ip2cdn.go:149","msg":"Alibaba Checker doCheck err:","reason":"unexpected end of JSON input"}
{"level":"INFO","ts":"2024-05-14 19:45:36.875","caller":"cdn-check/manager.go:88","msg":"[gomap][CdnFilter]识别了ip:","原本的总ip数：":302,"识别为cdn的ip数：":0,"checker:":"alibaba"}
{"level":"INFO","ts":"2024-05-14 19:45:45.428","caller":"cdn-check/manager.go:88","msg":"[gomap][CdnFilter]识别了ip:","原本的总ip数：":302,"识别为cdn的ip数：":1,"checker:":"baidu"}
{"level":"INFO","ts":"2024-05-14 19:45:47.694","caller":"cdn-check/manager.go:88","msg":"[gomap][CdnFilter]识别了ip:","checker:":"wangsu","原本的总ip数：":301,"识别为cdn的ip数：":0}
{"level":"INFO","ts":"2024-05-14 19:45:49.017","caller":"cdn-check/ip2cdn.go:60","msg":"the ip addresses of the cdn the checkers recognized :","cdnList:":"[116.114.98.35]"}
{"level":"INFO","ts":"2024-05-14 19:52:35.695","caller":"cdn-check/alibaba_ip2cdn.go:149","msg":"Alibaba Checker doCheck err:","reason":"unexpected end of JSON input"}
{"level":"INFO","ts":"2024-05-14 19:52:35.707","caller":"cdn-check/alibaba_ip2cdn.go:149","msg":"Alibaba Checker doCheck err:","reason":"unexpected end of JSON input"}
{"level":"INFO","ts":"2024-05-14 19:52:35.709","caller":"cdn-check/alibaba_ip2cdn.go:149","msg":"Alibaba Checker doCheck err:","reason":"unexpected end of JSON input"}
{"level":"INFO","ts":"2024-05-14 19:52:35.718","caller":"cdn-check/alibaba_ip2cdn.go:149","msg":"Alibaba Checker doCheck err:","reason":"unexpected end of JSON input"}
{"level":"INFO","ts":"2024-05-14 19:52:35.719","caller":"cdn-check/alibaba_ip2cdn.go:149","msg":"Alibaba Checker doCheck err:","reason":"unexpected end of JSON input"}
{"level":"INFO","ts":"2024-05-14 19:52:35.719","caller":"cdn-check/alibaba_ip2cdn.go:149","msg":"Alibaba Checker doCheck err:","reason":"unexpected end of JSON input"}
{"level":"INFO","ts":"2024-05-14 19:52:35.731","caller":"cdn-check/alibaba_ip2cdn.go:149","msg":"Alibaba Checker doCheck err:","reason":"unexpected end of JSON input"}
{"level":"INFO","ts":"2024-05-14 19:52:35.731","caller":"cdn-check/alibaba_ip2cdn.go:149","msg":"Alibaba Checker doCheck err:","reason":"unexpected end of JSON input"}
{"level":"INFO","ts":"2024-05-14 19:52:35.731","caller":"cdn-check/alibaba_ip2cdn.go:149","msg":"Alibaba Checker doCheck err:","reason":"unexpected end of JSON input"}
{"level":"INFO","ts":"2024-05-14 19:52:35.741","caller":"cdn-check/alibaba_ip2cdn.go:149","msg":"Alibaba Checker doCheck err:","reason":"unexpected end of JSON input"}
{"level":"INFO","ts":"2024-05-14 19:52:35.743","caller":"cdn-check/alibaba_ip2cdn.go:149","msg":"Alibaba Checker doCheck err:","reason":"unexpected end of JSON input"}
{"level":"INFO","ts":"2024-05-14 19:52:35.750","caller":"cdn-check/alibaba_ip2cdn.go:149","msg":"Alibaba Checker doCheck err:","reason":"unexpected end of JSON input"}
{"level":"INFO","ts":"2024-05-14 19:52:35.754","caller":"cdn-check/alibaba_ip2cdn.go:149","msg":"Alibaba Checker doCheck err:","reason":"unexpected end of JSON input"}
{"level":"INFO","ts":"2024-05-14 19:52:35.760","caller":"cdn-check/alibaba_ip2cdn.go:149","msg":"Alibaba Checker doCheck err:","reason":"unexpected end of JSON input"}
{"level":"INFO","ts":"2024-05-14 19:52:38.746","caller":"cdn-check/alibaba_ip2cdn.go:149","msg":"Alibaba Checker doCheck err:","reason":"unexpected end of JSON input"}
{"level":"INFO","ts":"2024-05-14 19:52:38.767","caller":"cdn-check/alibaba_ip2cdn.go:149","msg":"Alibaba Checker doCheck err:","reason":"unexpected end of JSON input"}
{"level":"INFO","ts":"2024-05-14 19:52:38.767","caller":"cdn-check/alibaba_ip2cdn.go:149","msg":"Alibaba Checker doCheck err:","reason":"unexpected end of JSON input"}
{"level":"INFO","ts":"2024-05-14 19:52:40.983","caller":"cdn-check/manager.go:88","msg":"[gomap][CdnFilter]识别了ip:","原本的总ip数：":302,"识别为cdn的ip数：":0,"checker:":"alibaba"}
{"level":"INFO","ts":"2024-05-14 19:52:42.650","caller":"cdn-check/manager.go:88","msg":"[gomap][CdnFilter]识别了ip:","识别为cdn的ip数：":1,"checker:":"baidu","原本的总ip数：":302}
{"level":"INFO","ts":"2024-05-14 19:52:42.962","caller":"cdn-check/manager.go:88","msg":"[gomap][CdnFilter]识别了ip:","checker:":"wangsu","原本的总ip数：":301,"识别为cdn的ip数：":0}
{"level":"INFO","ts":"2024-05-14 19:52:42.962","caller":"cdn-check/ip2cdn.go:60","msg":"the ip addresses of the cdn the checkers recognized :","cdnList:":"[116.114.98.35]"}
{"level":"INFO","ts":"2024-05-14 19:54:49.603","caller":"cdn-check/alibaba_ip2cdn.go:149","msg":"Alibaba Checker doCheck err:","reason":"unexpected end of JSON input"}
{"level":"INFO","ts":"2024-05-14 19:54:49.620","caller":"cdn-check/alibaba_ip2cdn.go:149","msg":"Alibaba Checker doCheck err:","reason":"unexpected end of JSON input"}
{"level":"INFO","ts":"2024-05-14 19:54:49.639","caller":"cdn-check/alibaba_ip2cdn.go:149","msg":"Alibaba Checker doCheck err:","reason":"unexpected end of JSON input"}
{"level":"INFO","ts":"2024-05-14 19:54:49.644","caller":"cdn-check/alibaba_ip2cdn.go:149","msg":"Alibaba Checker doCheck err:","reason":"unexpected end of JSON input"}
{"level":"INFO","ts":"2024-05-14 19:54:49.652","caller":"cdn-check/alibaba_ip2cdn.go:149","msg":"Alibaba Checker doCheck err:","reason":"unexpected end of JSON input"}
{"level":"INFO","ts":"2024-05-14 19:54:49.657","caller":"cdn-check/alibaba_ip2cdn.go:149","msg":"Alibaba Checker doCheck err:","reason":"unexpected end of JSON input"}
{"level":"INFO","ts":"2024-05-14 19:54:49.659","caller":"cdn-check/alibaba_ip2cdn.go:149","msg":"Alibaba Checker doCheck err:","reason":"unexpected end of JSON input"}
{"level":"INFO","ts":"2024-05-14 19:54:49.666","caller":"cdn-check/alibaba_ip2cdn.go:149","msg":"Alibaba Checker doCheck err:","reason":"unexpected end of JSON input"}
{"level":"INFO","ts":"2024-05-14 19:54:49.670","caller":"cdn-check/alibaba_ip2cdn.go:149","msg":"Alibaba Checker doCheck err:","reason":"unexpected end of JSON input"}
{"level":"INFO","ts":"2024-05-14 19:54:49.670","caller":"cdn-check/alibaba_ip2cdn.go:149","msg":"Alibaba Checker doCheck err:","reason":"unexpected end of JSON input"}
{"level":"INFO","ts":"2024-05-14 19:54:49.672","caller":"cdn-check/alibaba_ip2cdn.go:149","msg":"Alibaba Checker doCheck err:","reason":"unexpected end of JSON input"}
{"level":"INFO","ts":"2024-05-14 19:54:49.672","caller":"cdn-check/alibaba_ip2cdn.go:149","msg":"Alibaba Checker doCheck err:","reason":"unexpected end of JSON input"}
{"level":"INFO","ts":"2024-05-14 19:54:49.680","caller":"cdn-check/alibaba_ip2cdn.go:149","msg":"Alibaba Checker doCheck err:","reason":"unexpected end of JSON input"}
{"level":"INFO","ts":"2024-05-14 19:54:49.683","caller":"cdn-check/alibaba_ip2cdn.go:149","msg":"Alibaba Checker doCheck err:","reason":"unexpected end of JSON input"}
{"level":"INFO","ts":"2024-05-14 19:54:49.685","caller":"cdn-check/alibaba_ip2cdn.go:149","msg":"Alibaba Checker doCheck err:","reason":"unexpected end of JSON input"}
{"level":"INFO","ts":"2024-05-14 19:54:49.686","caller":"cdn-check/alibaba_ip2cdn.go:149","msg":"Alibaba Checker doCheck err:","reason":"unexpected end of JSON input"}
{"level":"INFO","ts":"2024-05-14 19:54:49.688","caller":"cdn-check/alibaba_ip2cdn.go:149","msg":"Alibaba Checker doCheck err:","reason":"unexpected end of JSON input"}
{"level":"INFO","ts":"2024-05-14 19:54:49.691","caller":"cdn-check/alibaba_ip2cdn.go:149","msg":"Alibaba Checker doCheck err:","reason":"unexpected end of JSON input"}
{"level":"INFO","ts":"2024-05-14 19:54:49.695","caller":"cdn-check/alibaba_ip2cdn.go:149","msg":"Alibaba Checker doCheck err:","reason":"unexpected end of JSON input"}
{"level":"INFO","ts":"2024-05-14 19:54:49.697","caller":"cdn-check/alibaba_ip2cdn.go:149","msg":"Alibaba Checker doCheck err:","reason":"unexpected end of JSON input"}
{"level":"INFO","ts":"2024-05-14 19:54:49.700","caller":"cdn-check/alibaba_ip2cdn.go:149","msg":"Alibaba Checker doCheck err:","reason":"unexpected end of JSON input"}
{"level":"INFO","ts":"2024-05-14 19:54:49.703","caller":"cdn-check/alibaba_ip2cdn.go:149","msg":"Alibaba Checker doCheck err:","reason":"unexpected end of JSON input"}
{"level":"INFO","ts":"2024-05-14 19:54:49.706","caller":"cdn-check/alibaba_ip2cdn.go:149","msg":"Alibaba Checker doCheck err:","reason":"unexpected end of JSON input"}
{"level":"INFO","ts":"2024-05-14 19:54:49.709","caller":"cdn-check/alibaba_ip2cdn.go:149","msg":"Alibaba Checker doCheck err:","reason":"unexpected end of JSON input"}
{"level":"INFO","ts":"2024-05-14 19:54:49.715","caller":"cdn-check/alibaba_ip2cdn.go:149","msg":"Alibaba Checker doCheck err:","reason":"unexpected end of JSON input"}
{"level":"INFO","ts":"2024-05-14 19:54:49.716","caller":"cdn-check/alibaba_ip2cdn.go:149","msg":"Alibaba Checker doCheck err:","reason":"unexpected end of JSON input"}
{"level":"INFO","ts":"2024-05-14 19:54:49.717","caller":"cdn-check/alibaba_ip2cdn.go:149","msg":"Alibaba Checker doCheck err:","reason":"unexpected end of JSON input"}
{"level":"INFO","ts":"2024-05-14 19:54:49.728","caller":"cdn-check/alibaba_ip2cdn.go:149","msg":"Alibaba Checker doCheck err:","reason":"unexpected end of JSON input"}
{"level":"INFO","ts":"2024-05-14 19:54:49.729","caller":"cdn-check/alibaba_ip2cdn.go:149","msg":"Alibaba Checker doCheck err:","reason":"unexpected end of JSON input"}
{"level":"INFO","ts":"2024-05-14 19:54:49.740","caller":"cdn-check/alibaba_ip2cdn.go:149","msg":"Alibaba Checker doCheck err:","reason":"unexpected end of JSON input"}
{"level":"INFO","ts":"2024-05-14 19:54:49.742","caller":"cdn-check/alibaba_ip2cdn.go:149","msg":"Alibaba Checker doCheck err:","reason":"unexpected end of JSON input"}
{"level":"INFO","ts":"2024-05-14 19:54:53.761","caller":"cdn-check/alibaba_ip2cdn.go:149","msg":"Alibaba Checker doCheck err:","reason":"unexpected end of JSON input"}
{"level":"INFO","ts":"2024-05-14 19:54:54.883","caller":"cdn-check/manager.go:88","msg":"[gomap][CdnFilter]识别了ip:","原本的总ip数：":302,"识别为cdn的ip数：":0,"checker:":"alibaba"}
{"level":"INFO","ts":"2024-05-14 19:55:09.191","caller":"cdn-check/manager.go:88","msg":"[gomap][CdnFilter]识别了ip:","原本的总ip数：":302,"识别为cdn的ip数：":1,"checker:":"baidu"}
{"level":"INFO","ts":"2024-05-14 19:55:12.677","caller":"cdn-check/manager.go:62","msg":"gomap CdnFilter 接口出现了问题,识别为不是cdn","err":{"error":"invalid character '<' looking for beginning of value","kind":"*json.SyntaxError","stack":null}}
{"level":"INFO","ts":"2024-05-14 19:55:12.704","caller":"cdn-check/manager.go:88","msg":"[gomap][CdnFilter]识别了ip:","识别为cdn的ip数：":0,"checker:":"wangsu","原本的总ip数：":301}
{"level":"INFO","ts":"2024-05-14 19:56:41.875","caller":"cdn-check/ip2cdn.go:60","msg":"the ip addresses of the cdn the checkers recognized :","cdnList:":"[116.114.98.35]"}
{"level":"INFO","ts":"2024-05-14 19:56:51.672","caller":"cdn-check/alibaba_ip2cdn.go:149","msg":"Alibaba Checker doCheck err:","reason":"unexpected end of JSON input"}
{"level":"INFO","ts":"2024-05-14 19:56:51.682","caller":"cdn-check/alibaba_ip2cdn.go:149","msg":"Alibaba Checker doCheck err:","reason":"unexpected end of JSON input"}
{"level":"INFO","ts":"2024-05-14 19:56:51.687","caller":"cdn-check/alibaba_ip2cdn.go:149","msg":"Alibaba Checker doCheck err:","reason":"unexpected end of JSON input"}
{"level":"INFO","ts":"2024-05-14 19:56:51.692","caller":"cdn-check/alibaba_ip2cdn.go:149","msg":"Alibaba Checker doCheck err:","reason":"unexpected end of JSON input"}
{"level":"INFO","ts":"2024-05-14 19:56:51.699","caller":"cdn-check/alibaba_ip2cdn.go:149","msg":"Alibaba Checker doCheck err:","reason":"unexpected end of JSON input"}
{"level":"INFO","ts":"2024-05-14 19:56:51.703","caller":"cdn-check/alibaba_ip2cdn.go:149","msg":"Alibaba Checker doCheck err:","reason":"unexpected end of JSON input"}
{"level":"INFO","ts":"2024-05-14 19:56:51.715","caller":"cdn-check/alibaba_ip2cdn.go:149","msg":"Alibaba Checker doCheck err:","reason":"unexpected end of JSON input"}
{"level":"INFO","ts":"2024-05-14 19:56:51.733","caller":"cdn-check/alibaba_ip2cdn.go:149","msg":"Alibaba Checker doCheck err:","reason":"unexpected end of JSON input"}
{"level":"INFO","ts":"2024-05-14 19:56:51.734","caller":"cdn-check/alibaba_ip2cdn.go:149","msg":"Alibaba Checker doCheck err:","reason":"unexpected end of JSON input"}
{"level":"INFO","ts":"2024-05-14 19:56:51.745","caller":"cdn-check/alibaba_ip2cdn.go:149","msg":"Alibaba Checker doCheck err:","reason":"unexpected end of JSON input"}
{"level":"INFO","ts":"2024-05-14 19:56:51.746","caller":"cdn-check/alibaba_ip2cdn.go:149","msg":"Alibaba Checker doCheck err:","reason":"unexpected end of JSON input"}
{"level":"INFO","ts":"2024-05-14 19:56:51.746","caller":"cdn-check/alibaba_ip2cdn.go:149","msg":"Alibaba Checker doCheck err:","reason":"unexpected end of JSON input"}
{"level":"INFO","ts":"2024-05-14 19:56:51.748","caller":"cdn-check/alibaba_ip2cdn.go:149","msg":"Alibaba Checker doCheck err:","reason":"unexpected end of JSON input"}
{"level":"INFO","ts":"2024-05-14 19:56:51.757","caller":"cdn-check/alibaba_ip2cdn.go:149","msg":"Alibaba Checker doCheck err:","reason":"unexpected end of JSON input"}
{"level":"INFO","ts":"2024-05-14 19:56:51.758","caller":"cdn-check/alibaba_ip2cdn.go:149","msg":"Alibaba Checker doCheck err:","reason":"unexpected end of JSON input"}
{"level":"INFO","ts":"2024-05-14 19:56:51.759","caller":"cdn-check/alibaba_ip2cdn.go:149","msg":"Alibaba Checker doCheck err:","reason":"unexpected end of JSON input"}
{"level":"INFO","ts":"2024-05-14 19:56:51.760","caller":"cdn-check/alibaba_ip2cdn.go:149","msg":"Alibaba Checker doCheck err:","reason":"unexpected end of JSON input"}
{"level":"INFO","ts":"2024-05-14 19:56:56.961","caller":"cdn-check/manager.go:88","msg":"[gomap][CdnFilter]识别了ip:","识别为cdn的ip数：":0,"checker:":"alibaba","原本的总ip数：":302}
{"level":"INFO","ts":"2024-05-14 19:57:17.416","caller":"cdn-check/manager.go:88","msg":"[gomap][CdnFilter]识别了ip:","识别为cdn的ip数：":1,"checker:":"baidu","原本的总ip数：":302}
{"level":"INFO","ts":"2024-05-14 19:57:21.699","caller":"cdn-check/manager.go:88","msg":"[gomap][CdnFilter]识别了ip:","原本的总ip数：":301,"识别为cdn的ip数：":0,"checker:":"wangsu"}
{"level":"INFO","ts":"2024-05-14 19:57:32.280","caller":"cdn-check/ip2cdn.go:60","msg":"the ip addresses of the cdn the checkers recognized :","cdnList:":"[116.114.98.35]"}
{"level":"INFO","ts":"2024-05-14 20:00:13.699","caller":"cdn-check/alibaba_ip2cdn.go:149","msg":"Alibaba Checker doCheck err:","reason":"unexpected end of JSON input"}
{"level":"INFO","ts":"2024-05-14 20:00:13.740","caller":"cdn-check/alibaba_ip2cdn.go:149","msg":"Alibaba Checker doCheck err:","reason":"unexpected end of JSON input"}
{"level":"INFO","ts":"2024-05-14 20:00:13.750","caller":"cdn-check/alibaba_ip2cdn.go:149","msg":"Alibaba Checker doCheck err:","reason":"unexpected end of JSON input"}
{"level":"INFO","ts":"2024-05-14 20:00:13.753","caller":"cdn-check/alibaba_ip2cdn.go:149","msg":"Alibaba Checker doCheck err:","reason":"unexpected end of JSON input"}
{"level":"INFO","ts":"2024-05-14 20:00:13.768","caller":"cdn-check/alibaba_ip2cdn.go:149","msg":"Alibaba Checker doCheck err:","reason":"unexpected end of JSON input"}
{"level":"INFO","ts":"2024-05-14 20:00:15.747","caller":"cdn-check/alibaba_ip2cdn.go:149","msg":"Alibaba Checker doCheck err:","reason":"unexpected end of JSON input"}
{"level":"INFO","ts":"2024-05-14 20:00:15.766","caller":"cdn-check/alibaba_ip2cdn.go:149","msg":"Alibaba Checker doCheck err:","reason":"unexpected end of JSON input"}
{"level":"INFO","ts":"2024-05-14 20:00:18.836","caller":"cdn-check/manager.go:90","msg":"[gomap][CdnFilter]识别了ip:","checker:":"alibaba","原本的总ip数：":302,"识别为cdn的ip数：":0,"success number":31,"total number":31}
{"level":"INFO","ts":"2024-05-14 20:00:19.481","caller":"cdn-check/manager.go:90","msg":"[gomap][CdnFilter]识别了ip:","checker:":"baidu","原本的总ip数：":302,"识别为cdn的ip数：":1,"success number":4,"total number":4}
{"level":"INFO","ts":"2024-05-14 20:00:19.632","caller":"cdn-check/manager.go:90","msg":"[gomap][CdnFilter]识别了ip:","checker:":"wangsu","原本的总ip数：":301,"识别为cdn的ip数：":0,"success number":16,"total number":16}
{"level":"INFO","ts":"2024-05-14 20:00:19.632","caller":"cdn-check/ip2cdn.go:60","msg":"the ip addresses of the cdn the checkers recognized :","cdnList:":"[116.114.98.35]"}
{"level":"INFO","ts":"2024-05-14 20:06:50.899","caller":"cdn-check/manager.go:90","msg":"[gomap][CdnFilter]识别了ip:","识别为cdn的ip数：":0,"success number":302,"total number":302,"checker:":"alibaba","原本的总ip数：":302}
{"level":"INFO","ts":"2024-05-14 20:06:51.541","caller":"cdn-check/manager.go:90","msg":"[gomap][CdnFilter]识别了ip:","checker:":"baidu","原本的总ip数：":302,"识别为cdn的ip数：":1,"success number":4,"total number":4}
{"level":"INFO","ts":"2024-05-14 20:06:51.727","caller":"cdn-check/manager.go:63","msg":"gomap CdnFilter 接口出现了问题,识别为不是cdn","err":{"error":"invalid character '<' looking for beginning of value","kind":"*json.SyntaxError","stack":null},"checker name":"wangsu"}
{"level":"INFO","ts":"2024-05-14 20:06:51.760","caller":"cdn-check/manager.go:90","msg":"[gomap][CdnFilter]识别了ip:","原本的总ip数：":301,"识别为cdn的ip数：":0,"success number":15,"total number":16,"checker:":"wangsu"}
{"level":"INFO","ts":"2024-05-14 20:06:51.760","caller":"cdn-check/ip2cdn.go:60","msg":"the ip addresses of the cdn the checkers recognized :","cdnList:":"[116.114.98.35]"}
{"level":"INFO","ts":"2024-05-14 20:13:01.236","caller":"cdn-check/manager.go:90","msg":"[gomap][CdnFilter]识别了ip:","success number":302,"total number":302,"checker:":"alibaba","原本的总ip数：":302,"识别为cdn的ip数：":0}
{"level":"INFO","ts":"2024-05-14 20:13:01.886","caller":"cdn-check/manager.go:90","msg":"[gomap][CdnFilter]识别了ip:","原本的总ip数：":302,"识别为cdn的ip数：":1,"success number":4,"total number":4,"checker:":"baidu"}
{"level":"INFO","ts":"2024-05-14 20:13:02.277","caller":"cdn-check/manager.go:90","msg":"[gomap][CdnFilter]识别了ip:","识别为cdn的ip数：":0,"success number":16,"total number":16,"checker:":"wangsu","原本的总ip数：":301}
{"level":"INFO","ts":"2024-05-14 20:13:02.278","caller":"cdn-check/ip2cdn.go:60","msg":"the ip addresses of the cdn the checkers recognized :","cdnList:":"[116.114.98.35]"}
{"level":"INFO","ts":"2024-05-14 20:13:58.517","caller":"cdn-check/manager.go:90","msg":"[gomap][CdnFilter]识别了ip:","total number":302,"checker:":"alibaba","原本的总ip数：":302,"识别为cdn的ip数：":0,"success number":302}
{"level":"INFO","ts":"2024-05-14 20:13:58.783","caller":"cdn-check/manager.go:90","msg":"[gomap][CdnFilter]识别了ip:","checker:":"baidu","原本的总ip数：":302,"识别为cdn的ip数：":1,"success number":4,"total number":4}
{"level":"INFO","ts":"2024-05-14 20:13:58.985","caller":"cdn-check/manager.go:90","msg":"[gomap][CdnFilter]识别了ip:","success number":16,"total number":16,"checker:":"wangsu","原本的总ip数：":301,"识别为cdn的ip数：":0}
{"level":"INFO","ts":"2024-05-14 20:13:58.985","caller":"cdn-check/ip2cdn.go:60","msg":"the ip addresses of the cdn the checkers recognized :","cdnList:":"[116.114.98.35]"}
{"level":"INFO","ts":"2024-05-14 20:15:32.971","caller":"cdn-check/manager.go:90","msg":"[gomap][CdnFilter]识别了ip:","success number":302,"total number":302,"checker:":"alibaba","原本的总ip数：":302,"识别为cdn的ip数：":0}
{"level":"INFO","ts":"2024-05-14 20:15:33.287","caller":"cdn-check/manager.go:90","msg":"[gomap][CdnFilter]识别了ip:","原本的总ip数：":302,"识别为cdn的ip数：":1,"success number":4,"total number":4,"checker:":"baidu"}
{"level":"INFO","ts":"2024-05-14 20:15:33.445","caller":"cdn-check/manager.go:90","msg":"[gomap][CdnFilter]识别了ip:","原本的总ip数：":301,"识别为cdn的ip数：":0,"success number":16,"total number":16,"checker:":"wangsu"}
{"level":"INFO","ts":"2024-05-14 20:15:33.445","caller":"cdn-check/ip2cdn.go:60","msg":"the ip addresses of the cdn the checkers recognized :","cdnList:":"[116.114.98.35]"}
{"level":"INFO","ts":"2024-05-14 20:20:40.428","caller":"cdn-check/manager.go:92","msg":"[gomap][CdnFilter]识别了ip:","success number":302,"total number":302,"checker:":"alibaba","const time":8.5936887,"原本的总ip数：":302,"识别为cdn的ip数：":0}
{"level":"INFO","ts":"2024-05-14 20:20:41.349","caller":"cdn-check/manager.go:92","msg":"[gomap][CdnFilter]识别了ip:","原本的总ip数：":302,"识别为cdn的ip数：":1,"success number":4,"total number":4,"checker:":"baidu","const time":0.9209322}
{"level":"INFO","ts":"2024-05-14 20:20:46.485","caller":"cdn-check/manager.go:92","msg":"[gomap][CdnFilter]识别了ip:","原本的总ip数：":301,"识别为cdn的ip数：":0,"success number":16,"total number":16,"checker:":"wangsu","const time":5.1352152}
{"level":"INFO","ts":"2024-05-14 20:20:46.485","caller":"cdn-check/ip2cdn.go:60","msg":"the ip addresses of the cdn the checkers recognized :","cdnList:":"[116.114.98.35]"}
{"level":"INFO","ts":"2024-05-14 20:50:48.263","caller":"cdn-check/manager.go:64","msg":"gomap CdnFilter 接口出现了问题,识别为不是cdn","err":{"error":"unexpected end of JSON input","kind":"*json.SyntaxError","stack":null},"checker name":"alibaba"}
{"level":"INFO","ts":"2024-05-14 20:50:48.294","caller":"cdn-check/manager.go:64","msg":"gomap CdnFilter 接口出现了问题,识别为不是cdn","checker name":"alibaba","err":{"error":"unexpected end of JSON input","kind":"*json.SyntaxError","stack":null}}
{"level":"INFO","ts":"2024-05-14 20:50:48.324","caller":"cdn-check/manager.go:64","msg":"gomap CdnFilter 接口出现了问题,识别为不是cdn","err":{"error":"unexpected end of JSON input","kind":"*json.SyntaxError","stack":null},"checker name":"alibaba"}
{"level":"INFO","ts":"2024-05-14 20:50:48.355","caller":"cdn-check/manager.go:64","msg":"gomap CdnFilter 接口出现了问题,识别为不是cdn","err":{"error":"unexpected end of JSON input","kind":"*json.SyntaxError","stack":null},"checker name":"alibaba"}
{"level":"INFO","ts":"2024-05-14 20:50:48.386","caller":"cdn-check/manager.go:64","msg":"gomap CdnFilter 接口出现了问题,识别为不是cdn","err":{"error":"unexpected end of JSON input","kind":"*json.SyntaxError","stack":null},"checker name":"alibaba"}
{"level":"INFO","ts":"2024-05-14 20:50:48.418","caller":"cdn-check/manager.go:64","msg":"gomap CdnFilter 接口出现了问题,识别为不是cdn","err":{"error":"unexpected end of JSON input","kind":"*json.SyntaxError","stack":null},"checker name":"alibaba"}
{"level":"INFO","ts":"2024-05-14 20:50:48.449","caller":"cdn-check/manager.go:64","msg":"gomap CdnFilter 接口出现了问题,识别为不是cdn","checker name":"alibaba","err":{"error":"unexpected end of JSON input","kind":"*json.SyntaxError","stack":null}}
{"level":"INFO","ts":"2024-05-14 20:50:48.480","caller":"cdn-check/manager.go:64","msg":"gomap CdnFilter 接口出现了问题,识别为不是cdn","err":{"error":"unexpected end of JSON input","kind":"*json.SyntaxError","stack":null},"checker name":"alibaba"}
{"level":"INFO","ts":"2024-05-14 20:50:48.512","caller":"cdn-check/manager.go:64","msg":"gomap CdnFilter 接口出现了问题,识别为不是cdn","err":{"error":"unexpected end of JSON input","kind":"*json.SyntaxError","stack":null},"checker name":"alibaba"}
{"level":"INFO","ts":"2024-05-14 20:50:48.542","caller":"cdn-check/manager.go:64","msg":"gomap CdnFilter 接口出现了问题,识别为不是cdn","err":{"error":"unexpected end of JSON input","kind":"*json.SyntaxError","stack":null},"checker name":"alibaba"}
{"level":"INFO","ts":"2024-05-14 20:50:48.573","caller":"cdn-check/manager.go:64","msg":"gomap CdnFilter 接口出现了问题,识别为不是cdn","err":{"error":"unexpected end of JSON input","kind":"*json.SyntaxError","stack":null},"checker name":"alibaba"}
{"level":"INFO","ts":"2024-05-14 20:50:48.604","caller":"cdn-check/manager.go:64","msg":"gomap CdnFilter 接口出现了问题,识别为不是cdn","err":{"error":"unexpected end of JSON input","kind":"*json.SyntaxError","stack":null},"checker name":"alibaba"}
{"level":"INFO","ts":"2024-05-14 20:50:48.636","caller":"cdn-check/manager.go:64","msg":"gomap CdnFilter 接口出现了问题,识别为不是cdn","checker name":"alibaba","err":{"error":"unexpected end of JSON input","kind":"*json.SyntaxError","stack":null}}
{"level":"INFO","ts":"2024-05-14 20:50:48.666","caller":"cdn-check/manager.go:64","msg":"gomap CdnFilter 接口出现了问题,识别为不是cdn","err":{"error":"unexpected end of JSON input","kind":"*json.SyntaxError","stack":null},"checker name":"alibaba"}
{"level":"INFO","ts":"2024-05-14 20:50:48.698","caller":"cdn-check/manager.go:64","msg":"gomap CdnFilter 接口出现了问题,识别为不是cdn","err":{"error":"unexpected end of JSON input","kind":"*json.SyntaxError","stack":null},"checker name":"alibaba"}
{"level":"INFO","ts":"2024-05-14 20:50:48.729","caller":"cdn-check/manager.go:64","msg":"gomap CdnFilter 接口出现了问题,识别为不是cdn","err":{"error":"unexpected end of JSON input","kind":"*json.SyntaxError","stack":null},"checker name":"alibaba"}
{"level":"INFO","ts":"2024-05-14 20:50:48.761","caller":"cdn-check/manager.go:64","msg":"gomap CdnFilter 接口出现了问题,识别为不是cdn","err":{"error":"unexpected end of JSON input","kind":"*json.SyntaxError","stack":null},"checker name":"alibaba"}
{"level":"INFO","ts":"2024-05-14 20:50:48.791","caller":"cdn-check/manager.go:64","msg":"gomap CdnFilter 接口出现了问题,识别为不是cdn","err":{"error":"unexpected end of JSON input","kind":"*json.SyntaxError","stack":null},"checker name":"alibaba"}
{"level":"INFO","ts":"2024-05-14 20:50:48.822","caller":"cdn-check/manager.go:64","msg":"gomap CdnFilter 接口出现了问题,识别为不是cdn","err":{"error":"unexpected end of JSON input","kind":"*json.SyntaxError","stack":null},"checker name":"alibaba"}
{"level":"INFO","ts":"2024-05-14 20:50:48.853","caller":"cdn-check/manager.go:64","msg":"gomap CdnFilter 接口出现了问题,识别为不是cdn","err":{"error":"unexpected end of JSON input","kind":"*json.SyntaxError","stack":null},"checker name":"alibaba"}
{"level":"INFO","ts":"2024-05-14 20:50:48.884","caller":"cdn-check/manager.go:64","msg":"gomap CdnFilter 接口出现了问题,识别为不是cdn","err":{"error":"unexpected end of JSON input","kind":"*json.SyntaxError","stack":null},"checker name":"alibaba"}
{"level":"INFO","ts":"2024-05-14 20:50:48.914","caller":"cdn-check/manager.go:64","msg":"gomap CdnFilter 接口出现了问题,识别为不是cdn","err":{"error":"unexpected end of JSON input","kind":"*json.SyntaxError","stack":null},"checker name":"alibaba"}
{"level":"INFO","ts":"2024-05-14 20:50:48.945","caller":"cdn-check/manager.go:64","msg":"gomap CdnFilter 接口出现了问题,识别为不是cdn","err":{"error":"unexpected end of JSON input","kind":"*json.SyntaxError","stack":null},"checker name":"alibaba"}
{"level":"INFO","ts":"2024-05-14 20:50:48.977","caller":"cdn-check/manager.go:64","msg":"gomap CdnFilter 接口出现了问题,识别为不是cdn","err":{"error":"unexpected end of JSON input","kind":"*json.SyntaxError","stack":null},"checker name":"alibaba"}
{"level":"INFO","ts":"2024-05-14 20:50:49.007","caller":"cdn-check/manager.go:64","msg":"gomap CdnFilter 接口出现了问题,识别为不是cdn","checker name":"alibaba","err":{"error":"unexpected end of JSON input","kind":"*json.SyntaxError","stack":null}}
{"level":"INFO","ts":"2024-05-14 20:50:49.038","caller":"cdn-check/manager.go:64","msg":"gomap CdnFilter 接口出现了问题,识别为不是cdn","err":{"error":"unexpected end of JSON input","kind":"*json.SyntaxError","stack":null},"checker name":"alibaba"}
{"level":"INFO","ts":"2024-05-14 20:50:49.069","caller":"cdn-check/manager.go:64","msg":"gomap CdnFilter 接口出现了问题,识别为不是cdn","err":{"error":"unexpected end of JSON input","kind":"*json.SyntaxError","stack":null},"checker name":"alibaba"}
{"level":"INFO","ts":"2024-05-14 20:50:49.100","caller":"cdn-check/manager.go:64","msg":"gomap CdnFilter 接口出现了问题,识别为不是cdn","err":{"error":"unexpected end of JSON input","kind":"*json.SyntaxError","stack":null},"checker name":"alibaba"}
{"level":"INFO","ts":"2024-05-14 20:50:49.132","caller":"cdn-check/manager.go:64","msg":"gomap CdnFilter 接口出现了问题,识别为不是cdn","checker name":"alibaba","err":{"error":"unexpected end of JSON input","kind":"*json.SyntaxError","stack":null}}
{"level":"INFO","ts":"2024-05-14 20:50:49.163","caller":"cdn-check/manager.go:64","msg":"gomap CdnFilter 接口出现了问题,识别为不是cdn","err":{"error":"unexpected end of JSON input","kind":"*json.SyntaxError","stack":null},"checker name":"alibaba"}
{"level":"INFO","ts":"2024-05-14 20:50:49.194","caller":"cdn-check/manager.go:64","msg":"gomap CdnFilter 接口出现了问题,识别为不是cdn","err":{"error":"unexpected end of JSON input","kind":"*json.SyntaxError","stack":null},"checker name":"alibaba"}
{"level":"INFO","ts":"2024-05-14 20:50:49.225","caller":"cdn-check/manager.go:64","msg":"gomap CdnFilter 接口出现了问题,识别为不是cdn","err":{"error":"unexpected end of JSON input","kind":"*json.SyntaxError","stack":null},"checker name":"alibaba"}
{"level":"INFO","ts":"2024-05-14 20:50:49.257","caller":"cdn-check/manager.go:64","msg":"gomap CdnFilter 接口出现了问题,识别为不是cdn","err":{"error":"unexpected end of JSON input","kind":"*json.SyntaxError","stack":null},"checker name":"alibaba"}
{"level":"INFO","ts":"2024-05-14 20:50:49.287","caller":"cdn-check/manager.go:64","msg":"gomap CdnFilter 接口出现了问题,识别为不是cdn","err":{"error":"unexpected end of JSON input","kind":"*json.SyntaxError","stack":null},"checker name":"alibaba"}
{"level":"INFO","ts":"2024-05-14 20:50:49.319","caller":"cdn-check/manager.go:64","msg":"gomap CdnFilter 接口出现了问题,识别为不是cdn","checker name":"alibaba","err":{"error":"unexpected end of JSON input","kind":"*json.SyntaxError","stack":null}}
{"level":"INFO","ts":"2024-05-14 20:50:49.349","caller":"cdn-check/manager.go:64","msg":"gomap CdnFilter 接口出现了问题,识别为不是cdn","err":{"error":"unexpected end of JSON input","kind":"*json.SyntaxError","stack":null},"checker name":"alibaba"}
{"level":"INFO","ts":"2024-05-14 20:50:49.381","caller":"cdn-check/manager.go:64","msg":"gomap CdnFilter 接口出现了问题,识别为不是cdn","err":{"error":"unexpected end of JSON input","kind":"*json.SyntaxError","stack":null},"checker name":"alibaba"}
{"level":"INFO","ts":"2024-05-14 20:50:49.412","caller":"cdn-check/manager.go:64","msg":"gomap CdnFilter 接口出现了问题,识别为不是cdn","err":{"error":"unexpected end of JSON input","kind":"*json.SyntaxError","stack":null},"checker name":"alibaba"}
{"level":"INFO","ts":"2024-05-14 20:50:49.442","caller":"cdn-check/manager.go:64","msg":"gomap CdnFilter 接口出现了问题,识别为不是cdn","err":{"error":"unexpected end of JSON input","kind":"*json.SyntaxError","stack":null},"checker name":"alibaba"}
{"level":"INFO","ts":"2024-05-14 20:50:49.473","caller":"cdn-check/manager.go:64","msg":"gomap CdnFilter 接口出现了问题,识别为不是cdn","err":{"error":"unexpected end of JSON input","kind":"*json.SyntaxError","stack":null},"checker name":"alibaba"}
{"level":"INFO","ts":"2024-05-14 20:50:49.504","caller":"cdn-check/manager.go:64","msg":"gomap CdnFilter 接口出现了问题,识别为不是cdn","checker name":"alibaba","err":{"error":"unexpected end of JSON input","kind":"*json.SyntaxError","stack":null}}
{"level":"INFO","ts":"2024-05-14 20:50:49.534","caller":"cdn-check/manager.go:64","msg":"gomap CdnFilter 接口出现了问题,识别为不是cdn","err":{"error":"unexpected end of JSON input","kind":"*json.SyntaxError","stack":null},"checker name":"alibaba"}
{"level":"INFO","ts":"2024-05-14 20:50:49.565","caller":"cdn-check/manager.go:64","msg":"gomap CdnFilter 接口出现了问题,识别为不是cdn","checker name":"alibaba","err":{"error":"unexpected end of JSON input","kind":"*json.SyntaxError","stack":null}}
{"level":"INFO","ts":"2024-05-14 20:50:49.596","caller":"cdn-check/manager.go:64","msg":"gomap CdnFilter 接口出现了问题,识别为不是cdn","err":{"error":"unexpected end of JSON input","kind":"*json.SyntaxError","stack":null},"checker name":"alibaba"}
{"level":"INFO","ts":"2024-05-14 20:50:49.627","caller":"cdn-check/manager.go:64","msg":"gomap CdnFilter 接口出现了问题,识别为不是cdn","err":{"error":"unexpected end of JSON input","kind":"*json.SyntaxError","stack":null},"checker name":"alibaba"}
{"level":"INFO","ts":"2024-05-14 20:50:49.657","caller":"cdn-check/manager.go:64","msg":"gomap CdnFilter 接口出现了问题,识别为不是cdn","checker name":"alibaba","err":{"error":"unexpected end of JSON input","kind":"*json.SyntaxError","stack":null}}
{"level":"INFO","ts":"2024-05-14 20:50:49.689","caller":"cdn-check/manager.go:64","msg":"gomap CdnFilter 接口出现了问题,识别为不是cdn","err":{"error":"unexpected end of JSON input","kind":"*json.SyntaxError","stack":null},"checker name":"alibaba"}
{"level":"INFO","ts":"2024-05-14 20:50:49.720","caller":"cdn-check/manager.go:64","msg":"gomap CdnFilter 接口出现了问题,识别为不是cdn","err":{"error":"unexpected end of JSON input","kind":"*json.SyntaxError","stack":null},"checker name":"alibaba"}
{"level":"INFO","ts":"2024-05-14 20:50:49.750","caller":"cdn-check/manager.go:64","msg":"gomap CdnFilter 接口出现了问题,识别为不是cdn","err":{"error":"unexpected end of JSON input","kind":"*json.SyntaxError","stack":null},"checker name":"alibaba"}
{"level":"INFO","ts":"2024-05-14 20:50:49.781","caller":"cdn-check/manager.go:64","msg":"gomap CdnFilter 接口出现了问题,识别为不是cdn","err":{"error":"unexpected end of JSON input","kind":"*json.SyntaxError","stack":null},"checker name":"alibaba"}
{"level":"INFO","ts":"2024-05-14 20:50:49.813","caller":"cdn-check/manager.go:64","msg":"gomap CdnFilter 接口出现了问题,识别为不是cdn","err":{"error":"unexpected end of JSON input","kind":"*json.SyntaxError","stack":null},"checker name":"alibaba"}
{"level":"INFO","ts":"2024-05-14 20:50:49.845","caller":"cdn-check/manager.go:64","msg":"gomap CdnFilter 接口出现了问题,识别为不是cdn","err":{"error":"unexpected end of JSON input","kind":"*json.SyntaxError","stack":null},"checker name":"alibaba"}
{"level":"INFO","ts":"2024-05-14 20:50:49.876","caller":"cdn-check/manager.go:64","msg":"gomap CdnFilter 接口出现了问题,识别为不是cdn","checker name":"alibaba","err":{"error":"unexpected end of JSON input","kind":"*json.SyntaxError","stack":null}}
{"level":"INFO","ts":"2024-05-14 20:50:49.908","caller":"cdn-check/manager.go:64","msg":"gomap CdnFilter 接口出现了问题,识别为不是cdn","err":{"error":"unexpected end of JSON input","kind":"*json.SyntaxError","stack":null},"checker name":"alibaba"}
{"level":"INFO","ts":"2024-05-14 20:50:49.939","caller":"cdn-check/manager.go:64","msg":"gomap CdnFilter 接口出现了问题,识别为不是cdn","err":{"error":"unexpected end of JSON input","kind":"*json.SyntaxError","stack":null},"checker name":"alibaba"}
{"level":"INFO","ts":"2024-05-14 20:50:49.969","caller":"cdn-check/manager.go:64","msg":"gomap CdnFilter 接口出现了问题,识别为不是cdn","err":{"error":"unexpected end of JSON input","kind":"*json.SyntaxError","stack":null},"checker name":"alibaba"}
{"level":"INFO","ts":"2024-05-14 20:50:50.000","caller":"cdn-check/manager.go:64","msg":"gomap CdnFilter 接口出现了问题,识别为不是cdn","err":{"error":"unexpected end of JSON input","kind":"*json.SyntaxError","stack":null},"checker name":"alibaba"}
{"level":"INFO","ts":"2024-05-14 20:50:50.030","caller":"cdn-check/manager.go:64","msg":"gomap CdnFilter 接口出现了问题,识别为不是cdn","err":{"error":"unexpected end of JSON input","kind":"*json.SyntaxError","stack":null},"checker name":"alibaba"}
{"level":"INFO","ts":"2024-05-14 20:50:50.061","caller":"cdn-check/manager.go:64","msg":"gomap CdnFilter 接口出现了问题,识别为不是cdn","checker name":"alibaba","err":{"error":"unexpected end of JSON input","kind":"*json.SyntaxError","stack":null}}
{"level":"INFO","ts":"2024-05-14 20:50:50.092","caller":"cdn-check/manager.go:64","msg":"gomap CdnFilter 接口出现了问题,识别为不是cdn","err":{"error":"unexpected end of JSON input","kind":"*json.SyntaxError","stack":null},"checker name":"alibaba"}
{"level":"INFO","ts":"2024-05-14 20:50:50.123","caller":"cdn-check/manager.go:64","msg":"gomap CdnFilter 接口出现了问题,识别为不是cdn","err":{"error":"unexpected end of JSON input","kind":"*json.SyntaxError","stack":null},"checker name":"alibaba"}
{"level":"INFO","ts":"2024-05-14 20:50:50.154","caller":"cdn-check/manager.go:64","msg":"gomap CdnFilter 接口出现了问题,识别为不是cdn","checker name":"alibaba","err":{"error":"unexpected end of JSON input","kind":"*json.SyntaxError","stack":null}}
{"level":"INFO","ts":"2024-05-14 20:50:50.184","caller":"cdn-check/manager.go:64","msg":"gomap CdnFilter 接口出现了问题,识别为不是cdn","checker name":"alibaba","err":{"error":"unexpected end of JSON input","kind":"*json.SyntaxError","stack":null}}
{"level":"INFO","ts":"2024-05-14 20:50:50.214","caller":"cdn-check/manager.go:64","msg":"gomap CdnFilter 接口出现了问题,识别为不是cdn","err":{"error":"unexpected end of JSON input","kind":"*json.SyntaxError","stack":null},"checker name":"alibaba"}
{"level":"INFO","ts":"2024-05-14 20:50:50.244","caller":"cdn-check/manager.go:64","msg":"gomap CdnFilter 接口出现了问题,识别为不是cdn","err":{"error":"unexpected end of JSON input","kind":"*json.SyntaxError","stack":null},"checker name":"alibaba"}
{"level":"INFO","ts":"2024-05-14 20:50:50.275","caller":"cdn-check/manager.go:64","msg":"gomap CdnFilter 接口出现了问题,识别为不是cdn","err":{"error":"unexpected end of JSON input","kind":"*json.SyntaxError","stack":null},"checker name":"alibaba"}
{"level":"INFO","ts":"2024-05-14 20:50:50.306","caller":"cdn-check/manager.go:64","msg":"gomap CdnFilter 接口出现了问题,识别为不是cdn","err":{"error":"unexpected end of JSON input","kind":"*json.SyntaxError","stack":null},"checker name":"alibaba"}
{"level":"INFO","ts":"2024-05-14 20:50:50.338","caller":"cdn-check/manager.go:64","msg":"gomap CdnFilter 接口出现了问题,识别为不是cdn","err":{"error":"unexpected end of JSON input","kind":"*json.SyntaxError","stack":null},"checker name":"alibaba"}
{"level":"INFO","ts":"2024-05-14 20:50:50.369","caller":"cdn-check/manager.go:64","msg":"gomap CdnFilter 接口出现了问题,识别为不是cdn","checker name":"alibaba","err":{"error":"unexpected end of JSON input","kind":"*json.SyntaxError","stack":null}}
{"level":"INFO","ts":"2024-05-14 20:50:50.399","caller":"cdn-check/manager.go:64","msg":"gomap CdnFilter 接口出现了问题,识别为不是cdn","err":{"error":"unexpected end of JSON input","kind":"*json.SyntaxError","stack":null},"checker name":"alibaba"}
{"level":"INFO","ts":"2024-05-14 20:50:50.430","caller":"cdn-check/manager.go:64","msg":"gomap CdnFilter 接口出现了问题,识别为不是cdn","err":{"error":"unexpected end of JSON input","kind":"*json.SyntaxError","stack":null},"checker name":"alibaba"}
{"level":"INFO","ts":"2024-05-14 20:50:50.461","caller":"cdn-check/manager.go:64","msg":"gomap CdnFilter 接口出现了问题,识别为不是cdn","err":{"error":"unexpected end of JSON input","kind":"*json.SyntaxError","stack":null},"checker name":"alibaba"}
{"level":"INFO","ts":"2024-05-14 20:50:50.492","caller":"cdn-check/manager.go:64","msg":"gomap CdnFilter 接口出现了问题,识别为不是cdn","err":{"error":"unexpected end of JSON input","kind":"*json.SyntaxError","stack":null},"checker name":"alibaba"}
{"level":"INFO","ts":"2024-05-14 20:50:50.524","caller":"cdn-check/manager.go:64","msg":"gomap CdnFilter 接口出现了问题,识别为不是cdn","err":{"error":"unexpected end of JSON input","kind":"*json.SyntaxError","stack":null},"checker name":"alibaba"}
{"level":"INFO","ts":"2024-05-14 20:50:50.555","caller":"cdn-check/manager.go:64","msg":"gomap CdnFilter 接口出现了问题,识别为不是cdn","err":{"error":"unexpected end of JSON input","kind":"*json.SyntaxError","stack":null},"checker name":"alibaba"}
{"level":"INFO","ts":"2024-05-14 20:50:50.586","caller":"cdn-check/manager.go:64","msg":"gomap CdnFilter 接口出现了问题,识别为不是cdn","err":{"error":"unexpected end of JSON input","kind":"*json.SyntaxError","stack":null},"checker name":"alibaba"}
{"level":"INFO","ts":"2024-05-14 20:50:50.617","caller":"cdn-check/manager.go:64","msg":"gomap CdnFilter 接口出现了问题,识别为不是cdn","err":{"error":"unexpected end of JSON input","kind":"*json.SyntaxError","stack":null},"checker name":"alibaba"}
{"level":"INFO","ts":"2024-05-14 20:50:50.648","caller":"cdn-check/manager.go:64","msg":"gomap CdnFilter 接口出现了问题,识别为不是cdn","err":{"error":"unexpected end of JSON input","kind":"*json.SyntaxError","stack":null},"checker name":"alibaba"}
{"level":"INFO","ts":"2024-05-14 20:50:50.679","caller":"cdn-check/manager.go:64","msg":"gomap CdnFilter 接口出现了问题,识别为不是cdn","err":{"error":"unexpected end of JSON input","kind":"*json.SyntaxError","stack":null},"checker name":"alibaba"}
{"level":"INFO","ts":"2024-05-14 20:50:50.711","caller":"cdn-check/manager.go:64","msg":"gomap CdnFilter 接口出现了问题,识别为不是cdn","err":{"error":"unexpected end of JSON input","kind":"*json.SyntaxError","stack":null},"checker name":"alibaba"}
{"level":"INFO","ts":"2024-05-14 20:50:50.742","caller":"cdn-check/manager.go:64","msg":"gomap CdnFilter 接口出现了问题,识别为不是cdn","err":{"error":"unexpected end of JSON input","kind":"*json.SyntaxError","stack":null},"checker name":"alibaba"}
{"level":"INFO","ts":"2024-05-14 20:50:50.773","caller":"cdn-check/manager.go:64","msg":"gomap CdnFilter 接口出现了问题,识别为不是cdn","err":{"error":"unexpected end of JSON input","kind":"*json.SyntaxError","stack":null},"checker name":"alibaba"}
{"level":"INFO","ts":"2024-05-14 20:50:50.804","caller":"cdn-check/manager.go:64","msg":"gomap CdnFilter 接口出现了问题,识别为不是cdn","err":{"error":"unexpected end of JSON input","kind":"*json.SyntaxError","stack":null},"checker name":"alibaba"}
{"level":"INFO","ts":"2024-05-14 20:50:50.835","caller":"cdn-check/manager.go:64","msg":"gomap CdnFilter 接口出现了问题,识别为不是cdn","err":{"error":"unexpected end of JSON input","kind":"*json.SyntaxError","stack":null},"checker name":"alibaba"}
{"level":"INFO","ts":"2024-05-14 20:50:50.867","caller":"cdn-check/manager.go:64","msg":"gomap CdnFilter 接口出现了问题,识别为不是cdn","checker name":"alibaba","err":{"error":"unexpected end of JSON input","kind":"*json.SyntaxError","stack":null}}
{"level":"INFO","ts":"2024-05-14 20:50:50.898","caller":"cdn-check/manager.go:64","msg":"gomap CdnFilter 接口出现了问题,识别为不是cdn","err":{"error":"unexpected end of JSON input","kind":"*json.SyntaxError","stack":null},"checker name":"alibaba"}
{"level":"INFO","ts":"2024-05-14 20:50:50.929","caller":"cdn-check/manager.go:64","msg":"gomap CdnFilter 接口出现了问题,识别为不是cdn","err":{"error":"unexpected end of JSON input","kind":"*json.SyntaxError","stack":null},"checker name":"alibaba"}
{"level":"INFO","ts":"2024-05-14 20:50:50.959","caller":"cdn-check/manager.go:64","msg":"gomap CdnFilter 接口出现了问题,识别为不是cdn","err":{"error":"unexpected end of JSON input","kind":"*json.SyntaxError","stack":null},"checker name":"alibaba"}
{"level":"INFO","ts":"2024-05-14 20:50:50.991","caller":"cdn-check/manager.go:64","msg":"gomap CdnFilter 接口出现了问题,识别为不是cdn","err":{"error":"unexpected end of JSON input","kind":"*json.SyntaxError","stack":null},"checker name":"alibaba"}
{"level":"INFO","ts":"2024-05-14 20:50:51.022","caller":"cdn-check/manager.go:64","msg":"gomap CdnFilter 接口出现了问题,识别为不是cdn","err":{"error":"unexpected end of JSON input","kind":"*json.SyntaxError","stack":null},"checker name":"alibaba"}
{"level":"INFO","ts":"2024-05-14 20:50:51.053","caller":"cdn-check/manager.go:64","msg":"gomap CdnFilter 接口出现了问题,识别为不是cdn","checker name":"alibaba","err":{"error":"unexpected end of JSON input","kind":"*json.SyntaxError","stack":null}}
{"level":"INFO","ts":"2024-05-14 20:50:51.084","caller":"cdn-check/manager.go:64","msg":"gomap CdnFilter 接口出现了问题,识别为不是cdn","err":{"error":"unexpected end of JSON input","kind":"*json.SyntaxError","stack":null},"checker name":"alibaba"}
{"level":"INFO","ts":"2024-05-14 20:50:51.116","caller":"cdn-check/manager.go:64","msg":"gomap CdnFilter 接口出现了问题,识别为不是cdn","checker name":"alibaba","err":{"error":"unexpected end of JSON input","kind":"*json.SyntaxError","stack":null}}
{"level":"INFO","ts":"2024-05-14 20:50:51.147","caller":"cdn-check/manager.go:64","msg":"gomap CdnFilter 接口出现了问题,识别为不是cdn","err":{"error":"unexpected end of JSON input","kind":"*json.SyntaxError","stack":null},"checker name":"alibaba"}
{"level":"INFO","ts":"2024-05-14 20:50:51.178","caller":"cdn-check/manager.go:64","msg":"gomap CdnFilter 接口出现了问题,识别为不是cdn","err":{"error":"unexpected end of JSON input","kind":"*json.SyntaxError","stack":null},"checker name":"alibaba"}
{"level":"INFO","ts":"2024-05-14 20:50:51.209","caller":"cdn-check/manager.go:64","msg":"gomap CdnFilter 接口出现了问题,识别为不是cdn","err":{"error":"unexpected end of JSON input","kind":"*json.SyntaxError","stack":null},"checker name":"alibaba"}
{"level":"INFO","ts":"2024-05-14 20:50:51.240","caller":"cdn-check/manager.go:64","msg":"gomap CdnFilter 接口出现了问题,识别为不是cdn","err":{"error":"unexpected end of JSON input","kind":"*json.SyntaxError","stack":null},"checker name":"alibaba"}
{"level":"INFO","ts":"2024-05-14 20:50:51.271","caller":"cdn-check/manager.go:64","msg":"gomap CdnFilter 接口出现了问题,识别为不是cdn","err":{"error":"unexpected end of JSON input","kind":"*json.SyntaxError","stack":null},"checker name":"alibaba"}
{"level":"INFO","ts":"2024-05-14 20:50:51.302","caller":"cdn-check/manager.go:64","msg":"gomap CdnFilter 接口出现了问题,识别为不是cdn","checker name":"alibaba","err":{"error":"unexpected end of JSON input","kind":"*json.SyntaxError","stack":null}}
{"level":"INFO","ts":"2024-05-14 20:50:51.333","caller":"cdn-check/manager.go:64","msg":"gomap CdnFilter 接口出现了问题,识别为不是cdn","err":{"error":"unexpected end of JSON input","kind":"*json.SyntaxError","stack":null},"checker name":"alibaba"}
{"level":"INFO","ts":"2024-05-14 20:50:51.364","caller":"cdn-check/manager.go:64","msg":"gomap CdnFilter 接口出现了问题,识别为不是cdn","err":{"error":"unexpected end of JSON input","kind":"*json.SyntaxError","stack":null},"checker name":"alibaba"}
{"level":"INFO","ts":"2024-05-14 20:50:51.395","caller":"cdn-check/manager.go:64","msg":"gomap CdnFilter 接口出现了问题,识别为不是cdn","err":{"error":"unexpected end of JSON input","kind":"*json.SyntaxError","stack":null},"checker name":"alibaba"}
{"level":"INFO","ts":"2024-05-14 20:50:51.425","caller":"cdn-check/manager.go:64","msg":"gomap CdnFilter 接口出现了问题,识别为不是cdn","err":{"error":"unexpected end of JSON input","kind":"*json.SyntaxError","stack":null},"checker name":"alibaba"}
{"level":"INFO","ts":"2024-05-14 20:50:51.456","caller":"cdn-check/manager.go:64","msg":"gomap CdnFilter 接口出现了问题,识别为不是cdn","checker name":"alibaba","err":{"error":"unexpected end of JSON input","kind":"*json.SyntaxError","stack":null}}
{"level":"INFO","ts":"2024-05-14 20:50:51.487","caller":"cdn-check/manager.go:64","msg":"gomap CdnFilter 接口出现了问题,识别为不是cdn","err":{"error":"unexpected end of JSON input","kind":"*json.SyntaxError","stack":null},"checker name":"alibaba"}
{"level":"INFO","ts":"2024-05-14 20:50:51.517","caller":"cdn-check/manager.go:64","msg":"gomap CdnFilter 接口出现了问题,识别为不是cdn","err":{"error":"unexpected end of JSON input","kind":"*json.SyntaxError","stack":null},"checker name":"alibaba"}
{"level":"INFO","ts":"2024-05-14 20:50:51.549","caller":"cdn-check/manager.go:64","msg":"gomap CdnFilter 接口出现了问题,识别为不是cdn","err":{"error":"unexpected end of JSON input","kind":"*json.SyntaxError","stack":null},"checker name":"alibaba"}
{"level":"INFO","ts":"2024-05-14 20:50:51.580","caller":"cdn-check/manager.go:64","msg":"gomap CdnFilter 接口出现了问题,识别为不是cdn","err":{"error":"unexpected end of JSON input","kind":"*json.SyntaxError","stack":null},"checker name":"alibaba"}
{"level":"INFO","ts":"2024-05-14 20:50:51.611","caller":"cdn-check/manager.go:64","msg":"gomap CdnFilter 接口出现了问题,识别为不是cdn","err":{"error":"unexpected end of JSON input","kind":"*json.SyntaxError","stack":null},"checker name":"alibaba"}
{"level":"INFO","ts":"2024-05-14 20:50:51.642","caller":"cdn-check/manager.go:64","msg":"gomap CdnFilter 接口出现了问题,识别为不是cdn","err":{"error":"unexpected end of JSON input","kind":"*json.SyntaxError","stack":null},"checker name":"alibaba"}
{"level":"INFO","ts":"2024-05-14 20:50:51.672","caller":"cdn-check/manager.go:64","msg":"gomap CdnFilter 接口出现了问题,识别为不是cdn","err":{"error":"unexpected end of JSON input","kind":"*json.SyntaxError","stack":null},"checker name":"alibaba"}
{"level":"INFO","ts":"2024-05-14 20:50:51.703","caller":"cdn-check/manager.go:64","msg":"gomap CdnFilter 接口出现了问题,识别为不是cdn","checker name":"alibaba","err":{"error":"unexpected end of JSON input","kind":"*json.SyntaxError","stack":null}}
{"level":"INFO","ts":"2024-05-14 20:50:51.734","caller":"cdn-check/manager.go:64","msg":"gomap CdnFilter 接口出现了问题,识别为不是cdn","err":{"error":"unexpected end of JSON input","kind":"*json.SyntaxError","stack":null},"checker name":"alibaba"}
{"level":"INFO","ts":"2024-05-14 20:50:51.766","caller":"cdn-check/manager.go:64","msg":"gomap CdnFilter 接口出现了问题,识别为不是cdn","err":{"error":"unexpected end of JSON input","kind":"*json.SyntaxError","stack":null},"checker name":"alibaba"}
{"level":"INFO","ts":"2024-05-14 20:50:51.797","caller":"cdn-check/manager.go:64","msg":"gomap CdnFilter 接口出现了问题,识别为不是cdn","err":{"error":"unexpected end of JSON input","kind":"*json.SyntaxError","stack":null},"checker name":"alibaba"}
{"level":"INFO","ts":"2024-05-14 20:50:51.827","caller":"cdn-check/manager.go:64","msg":"gomap CdnFilter 接口出现了问题,识别为不是cdn","err":{"error":"unexpected end of JSON input","kind":"*json.SyntaxError","stack":null},"checker name":"alibaba"}
{"level":"INFO","ts":"2024-05-14 20:50:51.859","caller":"cdn-check/manager.go:64","msg":"gomap CdnFilter 接口出现了问题,识别为不是cdn","err":{"error":"unexpected end of JSON input","kind":"*json.SyntaxError","stack":null},"checker name":"alibaba"}
{"level":"INFO","ts":"2024-05-14 20:50:51.890","caller":"cdn-check/manager.go:64","msg":"gomap CdnFilter 接口出现了问题,识别为不是cdn","err":{"error":"unexpected end of JSON input","kind":"*json.SyntaxError","stack":null},"checker name":"alibaba"}
{"level":"INFO","ts":"2024-05-14 20:50:51.920","caller":"cdn-check/manager.go:64","msg":"gomap CdnFilter 接口出现了问题,识别为不是cdn","err":{"error":"unexpected end of JSON input","kind":"*json.SyntaxError","stack":null},"checker name":"alibaba"}
{"level":"INFO","ts":"2024-05-14 20:50:51.952","caller":"cdn-check/manager.go:64","msg":"gomap CdnFilter 接口出现了问题,识别为不是cdn","err":{"error":"unexpected end of JSON input","kind":"*json.SyntaxError","stack":null},"checker name":"alibaba"}
{"level":"INFO","ts":"2024-05-14 20:50:51.983","caller":"cdn-check/manager.go:64","msg":"gomap CdnFilter 接口出现了问题,识别为不是cdn","err":{"error":"unexpected end of JSON input","kind":"*json.SyntaxError","stack":null},"checker name":"alibaba"}
{"level":"INFO","ts":"2024-05-14 20:50:52.013","caller":"cdn-check/manager.go:64","msg":"gomap CdnFilter 接口出现了问题,识别为不是cdn","err":{"error":"unexpected end of JSON input","kind":"*json.SyntaxError","stack":null},"checker name":"alibaba"}
{"level":"INFO","ts":"2024-05-14 20:50:52.044","caller":"cdn-check/manager.go:64","msg":"gomap CdnFilter 接口出现了问题,识别为不是cdn","err":{"error":"unexpected end of JSON input","kind":"*json.SyntaxError","stack":null},"checker name":"alibaba"}
{"level":"INFO","ts":"2024-05-14 20:50:52.075","caller":"cdn-check/manager.go:64","msg":"gomap CdnFilter 接口出现了问题,识别为不是cdn","err":{"error":"unexpected end of JSON input","kind":"*json.SyntaxError","stack":null},"checker name":"alibaba"}
{"level":"INFO","ts":"2024-05-14 20:50:52.107","caller":"cdn-check/manager.go:64","msg":"gomap CdnFilter 接口出现了问题,识别为不是cdn","checker name":"alibaba","err":{"error":"unexpected end of JSON input","kind":"*json.SyntaxError","stack":null}}
{"level":"INFO","ts":"2024-05-14 20:50:52.138","caller":"cdn-check/manager.go:64","msg":"gomap CdnFilter 接口出现了问题,识别为不是cdn","err":{"error":"unexpected end of JSON input","kind":"*json.SyntaxError","stack":null},"checker name":"alibaba"}
{"level":"INFO","ts":"2024-05-14 20:50:52.170","caller":"cdn-check/manager.go:64","msg":"gomap CdnFilter 接口出现了问题,识别为不是cdn","err":{"error":"unexpected end of JSON input","kind":"*json.SyntaxError","stack":null},"checker name":"alibaba"}
{"level":"INFO","ts":"2024-05-14 20:50:52.202","caller":"cdn-check/manager.go:64","msg":"gomap CdnFilter 接口出现了问题,识别为不是cdn","checker name":"alibaba","err":{"error":"unexpected end of JSON input","kind":"*json.SyntaxError","stack":null}}
{"level":"INFO","ts":"2024-05-14 20:50:52.234","caller":"cdn-check/manager.go:64","msg":"gomap CdnFilter 接口出现了问题,识别为不是cdn","err":{"error":"unexpected end of JSON input","kind":"*json.SyntaxError","stack":null},"checker name":"alibaba"}
{"level":"INFO","ts":"2024-05-14 20:50:52.265","caller":"cdn-check/manager.go:64","msg":"gomap CdnFilter 接口出现了问题,识别为不是cdn","err":{"error":"unexpected end of JSON input","kind":"*json.SyntaxError","stack":null},"checker name":"alibaba"}
{"level":"INFO","ts":"2024-05-14 20:50:52.295","caller":"cdn-check/manager.go:64","msg":"gomap CdnFilter 接口出现了问题,识别为不是cdn","checker name":"alibaba","err":{"error":"unexpected end of JSON input","kind":"*json.SyntaxError","stack":null}}
{"level":"INFO","ts":"2024-05-14 20:50:52.327","caller":"cdn-check/manager.go:64","msg":"gomap CdnFilter 接口出现了问题,识别为不是cdn","err":{"error":"unexpected end of JSON input","kind":"*json.SyntaxError","stack":null},"checker name":"alibaba"}
{"level":"INFO","ts":"2024-05-14 20:50:52.357","caller":"cdn-check/manager.go:64","msg":"gomap CdnFilter 接口出现了问题,识别为不是cdn","err":{"error":"unexpected end of JSON input","kind":"*json.SyntaxError","stack":null},"checker name":"alibaba"}
{"level":"INFO","ts":"2024-05-14 20:50:52.389","caller":"cdn-check/manager.go:64","msg":"gomap CdnFilter 接口出现了问题,识别为不是cdn","err":{"error":"unexpected end of JSON input","kind":"*json.SyntaxError","stack":null},"checker name":"alibaba"}
{"level":"INFO","ts":"2024-05-14 20:50:52.420","caller":"cdn-check/manager.go:64","msg":"gomap CdnFilter 接口出现了问题,识别为不是cdn","checker name":"alibaba","err":{"error":"unexpected end of JSON input","kind":"*json.SyntaxError","stack":null}}
{"level":"INFO","ts":"2024-05-14 20:50:52.451","caller":"cdn-check/manager.go:64","msg":"gomap CdnFilter 接口出现了问题,识别为不是cdn","err":{"error":"unexpected end of JSON input","kind":"*json.SyntaxError","stack":null},"checker name":"alibaba"}
{"level":"INFO","ts":"2024-05-14 20:50:52.483","caller":"cdn-check/manager.go:64","msg":"gomap CdnFilter 接口出现了问题,识别为不是cdn","err":{"error":"unexpected end of JSON input","kind":"*json.SyntaxError","stack":null},"checker name":"alibaba"}
{"level":"INFO","ts":"2024-05-14 20:50:52.513","caller":"cdn-check/manager.go:64","msg":"gomap CdnFilter 接口出现了问题,识别为不是cdn","err":{"error":"unexpected end of JSON input","kind":"*json.SyntaxError","stack":null},"checker name":"alibaba"}
{"level":"INFO","ts":"2024-05-14 20:50:52.545","caller":"cdn-check/manager.go:64","msg":"gomap CdnFilter 接口出现了问题,识别为不是cdn","err":{"error":"unexpected end of JSON input","kind":"*json.SyntaxError","stack":null},"checker name":"alibaba"}
{"level":"INFO","ts":"2024-05-14 20:50:52.575","caller":"cdn-check/manager.go:64","msg":"gomap CdnFilter 接口出现了问题,识别为不是cdn","err":{"error":"unexpected end of JSON input","kind":"*json.SyntaxError","stack":null},"checker name":"alibaba"}
{"level":"INFO","ts":"2024-05-14 20:50:52.606","caller":"cdn-check/manager.go:64","msg":"gomap CdnFilter 接口出现了问题,识别为不是cdn","err":{"error":"unexpected end of JSON input","kind":"*json.SyntaxError","stack":null},"checker name":"alibaba"}
{"level":"INFO","ts":"2024-05-14 20:50:52.638","caller":"cdn-check/manager.go:64","msg":"gomap CdnFilter 接口出现了问题,识别为不是cdn","err":{"error":"unexpected end of JSON input","kind":"*json.SyntaxError","stack":null},"checker name":"alibaba"}
{"level":"INFO","ts":"2024-05-14 20:50:52.668","caller":"cdn-check/manager.go:64","msg":"gomap CdnFilter 接口出现了问题,识别为不是cdn","err":{"error":"unexpected end of JSON input","kind":"*json.SyntaxError","stack":null},"checker name":"alibaba"}
{"level":"INFO","ts":"2024-05-14 20:50:52.699","caller":"cdn-check/manager.go:64","msg":"gomap CdnFilter 接口出现了问题,识别为不是cdn","checker name":"alibaba","err":{"error":"unexpected end of JSON input","kind":"*json.SyntaxError","stack":null}}
{"level":"INFO","ts":"2024-05-14 20:50:52.730","caller":"cdn-check/manager.go:64","msg":"gomap CdnFilter 接口出现了问题,识别为不是cdn","checker name":"alibaba","err":{"error":"unexpected end of JSON input","kind":"*json.SyntaxError","stack":null}}
{"level":"INFO","ts":"2024-05-14 20:50:52.761","caller":"cdn-check/manager.go:64","msg":"gomap CdnFilter 接口出现了问题,识别为不是cdn","err":{"error":"unexpected end of JSON input","kind":"*json.SyntaxError","stack":null},"checker name":"alibaba"}
{"level":"INFO","ts":"2024-05-14 20:50:52.792","caller":"cdn-check/manager.go:64","msg":"gomap CdnFilter 接口出现了问题,识别为不是cdn","err":{"error":"unexpected end of JSON input","kind":"*json.SyntaxError","stack":null},"checker name":"alibaba"}
{"level":"INFO","ts":"2024-05-14 20:50:52.823","caller":"cdn-check/manager.go:64","msg":"gomap CdnFilter 接口出现了问题,识别为不是cdn","err":{"error":"unexpected end of JSON input","kind":"*json.SyntaxError","stack":null},"checker name":"alibaba"}
{"level":"INFO","ts":"2024-05-14 20:50:52.855","caller":"cdn-check/manager.go:64","msg":"gomap CdnFilter 接口出现了问题,识别为不是cdn","err":{"error":"unexpected end of JSON input","kind":"*json.SyntaxError","stack":null},"checker name":"alibaba"}
{"level":"INFO","ts":"2024-05-14 20:50:52.886","caller":"cdn-check/manager.go:64","msg":"gomap CdnFilter 接口出现了问题,识别为不是cdn","err":{"error":"unexpected end of JSON input","kind":"*json.SyntaxError","stack":null},"checker name":"alibaba"}
{"level":"INFO","ts":"2024-05-14 20:50:52.918","caller":"cdn-check/manager.go:64","msg":"gomap CdnFilter 接口出现了问题,识别为不是cdn","err":{"error":"unexpected end of JSON input","kind":"*json.SyntaxError","stack":null},"checker name":"alibaba"}
{"level":"INFO","ts":"2024-05-14 20:50:52.949","caller":"cdn-check/manager.go:64","msg":"gomap CdnFilter 接口出现了问题,识别为不是cdn","err":{"error":"unexpected end of JSON input","kind":"*json.SyntaxError","stack":null},"checker name":"alibaba"}
{"level":"INFO","ts":"2024-05-14 20:50:52.980","caller":"cdn-check/manager.go:64","msg":"gomap CdnFilter 接口出现了问题,识别为不是cdn","err":{"error":"unexpected end of JSON input","kind":"*json.SyntaxError","stack":null},"checker name":"alibaba"}
{"level":"INFO","ts":"2024-05-14 20:50:53.011","caller":"cdn-check/manager.go:64","msg":"gomap CdnFilter 接口出现了问题,识别为不是cdn","err":{"error":"unexpected end of JSON input","kind":"*json.SyntaxError","stack":null},"checker name":"alibaba"}
{"level":"INFO","ts":"2024-05-14 20:50:53.042","caller":"cdn-check/manager.go:64","msg":"gomap CdnFilter 接口出现了问题,识别为不是cdn","err":{"error":"unexpected end of JSON input","kind":"*json.SyntaxError","stack":null},"checker name":"alibaba"}
{"level":"INFO","ts":"2024-05-14 20:50:53.073","caller":"cdn-check/manager.go:64","msg":"gomap CdnFilter 接口出现了问题,识别为不是cdn","err":{"error":"unexpected end of JSON input","kind":"*json.SyntaxError","stack":null},"checker name":"alibaba"}
{"level":"INFO","ts":"2024-05-14 20:50:53.105","caller":"cdn-check/manager.go:64","msg":"gomap CdnFilter 接口出现了问题,识别为不是cdn","checker name":"alibaba","err":{"error":"unexpected end of JSON input","kind":"*json.SyntaxError","stack":null}}
{"level":"INFO","ts":"2024-05-14 20:50:53.135","caller":"cdn-check/manager.go:64","msg":"gomap CdnFilter 接口出现了问题,识别为不是cdn","checker name":"alibaba","err":{"error":"unexpected end of JSON input","kind":"*json.SyntaxError","stack":null}}
{"level":"INFO","ts":"2024-05-14 20:50:53.166","caller":"cdn-check/manager.go:64","msg":"gomap CdnFilter 接口出现了问题,识别为不是cdn","err":{"error":"unexpected end of JSON input","kind":"*json.SyntaxError","stack":null},"checker name":"alibaba"}
{"level":"INFO","ts":"2024-05-14 20:50:53.197","caller":"cdn-check/manager.go:64","msg":"gomap CdnFilter 接口出现了问题,识别为不是cdn","err":{"error":"unexpected end of JSON input","kind":"*json.SyntaxError","stack":null},"checker name":"alibaba"}
{"level":"INFO","ts":"2024-05-14 20:50:53.228","caller":"cdn-check/manager.go:64","msg":"gomap CdnFilter 接口出现了问题,识别为不是cdn","err":{"error":"unexpected end of JSON input","kind":"*json.SyntaxError","stack":null},"checker name":"alibaba"}
{"level":"INFO","ts":"2024-05-14 20:50:53.259","caller":"cdn-check/manager.go:64","msg":"gomap CdnFilter 接口出现了问题,识别为不是cdn","checker name":"alibaba","err":{"error":"unexpected end of JSON input","kind":"*json.SyntaxError","stack":null}}
{"level":"INFO","ts":"2024-05-14 20:50:53.291","caller":"cdn-check/manager.go:64","msg":"gomap CdnFilter 接口出现了问题,识别为不是cdn","err":{"error":"unexpected end of JSON input","kind":"*json.SyntaxError","stack":null},"checker name":"alibaba"}
{"level":"INFO","ts":"2024-05-14 20:50:53.322","caller":"cdn-check/manager.go:64","msg":"gomap CdnFilter 接口出现了问题,识别为不是cdn","err":{"error":"unexpected end of JSON input","kind":"*json.SyntaxError","stack":null},"checker name":"alibaba"}
{"level":"INFO","ts":"2024-05-14 20:50:53.353","caller":"cdn-check/manager.go:64","msg":"gomap CdnFilter 接口出现了问题,识别为不是cdn","err":{"error":"unexpected end of JSON input","kind":"*json.SyntaxError","stack":null},"checker name":"alibaba"}
{"level":"INFO","ts":"2024-05-14 20:50:53.384","caller":"cdn-check/manager.go:64","msg":"gomap CdnFilter 接口出现了问题,识别为不是cdn","err":{"error":"unexpected end of JSON input","kind":"*json.SyntaxError","stack":null},"checker name":"alibaba"}
{"level":"INFO","ts":"2024-05-14 20:50:53.415","caller":"cdn-check/manager.go:64","msg":"gomap CdnFilter 接口出现了问题,识别为不是cdn","checker name":"alibaba","err":{"error":"unexpected end of JSON input","kind":"*json.SyntaxError","stack":null}}
{"level":"INFO","ts":"2024-05-14 20:50:53.446","caller":"cdn-check/manager.go:64","msg":"gomap CdnFilter 接口出现了问题,识别为不是cdn","err":{"error":"unexpected end of JSON input","kind":"*json.SyntaxError","stack":null},"checker name":"alibaba"}
{"level":"INFO","ts":"2024-05-14 20:50:53.476","caller":"cdn-check/manager.go:64","msg":"gomap CdnFilter 接口出现了问题,识别为不是cdn","err":{"error":"unexpected end of JSON input","kind":"*json.SyntaxError","stack":null},"checker name":"alibaba"}
{"level":"INFO","ts":"2024-05-14 20:50:53.508","caller":"cdn-check/manager.go:64","msg":"gomap CdnFilter 接口出现了问题,识别为不是cdn","err":{"error":"unexpected end of JSON input","kind":"*json.SyntaxError","stack":null},"checker name":"alibaba"}
{"level":"INFO","ts":"2024-05-14 20:50:53.538","caller":"cdn-check/manager.go:64","msg":"gomap CdnFilter 接口出现了问题,识别为不是cdn","err":{"error":"unexpected end of JSON input","kind":"*json.SyntaxError","stack":null},"checker name":"alibaba"}
{"level":"INFO","ts":"2024-05-14 20:50:53.570","caller":"cdn-check/manager.go:64","msg":"gomap CdnFilter 接口出现了问题,识别为不是cdn","err":{"error":"unexpected end of JSON input","kind":"*json.SyntaxError","stack":null},"checker name":"alibaba"}
{"level":"INFO","ts":"2024-05-14 20:50:53.601","caller":"cdn-check/manager.go:64","msg":"gomap CdnFilter 接口出现了问题,识别为不是cdn","err":{"error":"unexpected end of JSON input","kind":"*json.SyntaxError","stack":null},"checker name":"alibaba"}
{"level":"INFO","ts":"2024-05-14 20:50:53.632","caller":"cdn-check/manager.go:64","msg":"gomap CdnFilter 接口出现了问题,识别为不是cdn","err":{"error":"unexpected end of JSON input","kind":"*json.SyntaxError","stack":null},"checker name":"alibaba"}
{"level":"INFO","ts":"2024-05-14 20:50:53.664","caller":"cdn-check/manager.go:64","msg":"gomap CdnFilter 接口出现了问题,识别为不是cdn","err":{"error":"unexpected end of JSON input","kind":"*json.SyntaxError","stack":null},"checker name":"alibaba"}
{"level":"INFO","ts":"2024-05-14 20:50:53.695","caller":"cdn-check/manager.go:64","msg":"gomap CdnFilter 接口出现了问题,识别为不是cdn","err":{"error":"unexpected end of JSON input","kind":"*json.SyntaxError","stack":null},"checker name":"alibaba"}
{"level":"INFO","ts":"2024-05-14 20:50:53.726","caller":"cdn-check/manager.go:64","msg":"gomap CdnFilter 接口出现了问题,识别为不是cdn","err":{"error":"unexpected end of JSON input","kind":"*json.SyntaxError","stack":null},"checker name":"alibaba"}
{"level":"INFO","ts":"2024-05-14 20:50:53.756","caller":"cdn-check/manager.go:64","msg":"gomap CdnFilter 接口出现了问题,识别为不是cdn","err":{"error":"unexpected end of JSON input","kind":"*json.SyntaxError","stack":null},"checker name":"alibaba"}
{"level":"INFO","ts":"2024-05-14 20:50:53.787","caller":"cdn-check/manager.go:64","msg":"gomap CdnFilter 接口出现了问题,识别为不是cdn","err":{"error":"unexpected end of JSON input","kind":"*json.SyntaxError","stack":null},"checker name":"alibaba"}
{"level":"INFO","ts":"2024-05-14 20:50:53.819","caller":"cdn-check/manager.go:64","msg":"gomap CdnFilter 接口出现了问题,识别为不是cdn","checker name":"alibaba","err":{"error":"unexpected end of JSON input","kind":"*json.SyntaxError","stack":null}}
{"level":"INFO","ts":"2024-05-14 20:50:53.851","caller":"cdn-check/manager.go:64","msg":"gomap CdnFilter 接口出现了问题,识别为不是cdn","err":{"error":"unexpected end of JSON input","kind":"*json.SyntaxError","stack":null},"checker name":"alibaba"}
{"level":"INFO","ts":"2024-05-14 20:50:53.882","caller":"cdn-check/manager.go:64","msg":"gomap CdnFilter 接口出现了问题,识别为不是cdn","err":{"error":"unexpected end of JSON input","kind":"*json.SyntaxError","stack":null},"checker name":"alibaba"}
{"level":"INFO","ts":"2024-05-14 20:50:53.913","caller":"cdn-check/manager.go:64","msg":"gomap CdnFilter 接口出现了问题,识别为不是cdn","err":{"error":"unexpected end of JSON input","kind":"*json.SyntaxError","stack":null},"checker name":"alibaba"}
{"level":"INFO","ts":"2024-05-14 20:50:53.944","caller":"cdn-check/manager.go:64","msg":"gomap CdnFilter 接口出现了问题,识别为不是cdn","err":{"error":"unexpected end of JSON input","kind":"*json.SyntaxError","stack":null},"checker name":"alibaba"}
{"level":"INFO","ts":"2024-05-14 20:50:53.975","caller":"cdn-check/manager.go:64","msg":"gomap CdnFilter 接口出现了问题,识别为不是cdn","checker name":"alibaba","err":{"error":"unexpected end of JSON input","kind":"*json.SyntaxError","stack":null}}
{"level":"INFO","ts":"2024-05-14 20:50:54.007","caller":"cdn-check/manager.go:64","msg":"gomap CdnFilter 接口出现了问题,识别为不是cdn","err":{"error":"unexpected end of JSON input","kind":"*json.SyntaxError","stack":null},"checker name":"alibaba"}
{"level":"INFO","ts":"2024-05-14 20:50:54.038","caller":"cdn-check/manager.go:64","msg":"gomap CdnFilter 接口出现了问题,识别为不是cdn","err":{"error":"unexpected end of JSON input","kind":"*json.SyntaxError","stack":null},"checker name":"alibaba"}
{"level":"INFO","ts":"2024-05-14 20:50:54.069","caller":"cdn-check/manager.go:64","msg":"gomap CdnFilter 接口出现了问题,识别为不是cdn","err":{"error":"unexpected end of JSON input","kind":"*json.SyntaxError","stack":null},"checker name":"alibaba"}
{"level":"INFO","ts":"2024-05-14 20:50:54.099","caller":"cdn-check/manager.go:64","msg":"gomap CdnFilter 接口出现了问题,识别为不是cdn","err":{"error":"unexpected end of JSON input","kind":"*json.SyntaxError","stack":null},"checker name":"alibaba"}
{"level":"INFO","ts":"2024-05-14 20:50:54.130","caller":"cdn-check/manager.go:64","msg":"gomap CdnFilter 接口出现了问题,识别为不是cdn","checker name":"alibaba","err":{"error":"unexpected end of JSON input","kind":"*json.SyntaxError","stack":null}}
{"level":"INFO","ts":"2024-05-14 20:50:54.161","caller":"cdn-check/manager.go:64","msg":"gomap CdnFilter 接口出现了问题,识别为不是cdn","err":{"error":"unexpected end of JSON input","kind":"*json.SyntaxError","stack":null},"checker name":"alibaba"}
{"level":"INFO","ts":"2024-05-14 20:50:54.192","caller":"cdn-check/manager.go:64","msg":"gomap CdnFilter 接口出现了问题,识别为不是cdn","err":{"error":"unexpected end of JSON input","kind":"*json.SyntaxError","stack":null},"checker name":"alibaba"}
{"level":"INFO","ts":"2024-05-14 20:50:54.223","caller":"cdn-check/manager.go:64","msg":"gomap CdnFilter 接口出现了问题,识别为不是cdn","err":{"error":"unexpected end of JSON input","kind":"*json.SyntaxError","stack":null},"checker name":"alibaba"}
{"level":"INFO","ts":"2024-05-14 20:50:54.254","caller":"cdn-check/manager.go:64","msg":"gomap CdnFilter 接口出现了问题,识别为不是cdn","err":{"error":"unexpected end of JSON input","kind":"*json.SyntaxError","stack":null},"checker name":"alibaba"}
{"level":"INFO","ts":"2024-05-14 20:50:54.285","caller":"cdn-check/manager.go:64","msg":"gomap CdnFilter 接口出现了问题,识别为不是cdn","err":{"error":"unexpected end of JSON input","kind":"*json.SyntaxError","stack":null},"checker name":"alibaba"}
{"level":"INFO","ts":"2024-05-14 20:50:54.316","caller":"cdn-check/manager.go:64","msg":"gomap CdnFilter 接口出现了问题,识别为不是cdn","checker name":"alibaba","err":{"error":"unexpected end of JSON input","kind":"*json.SyntaxError","stack":null}}
{"level":"INFO","ts":"2024-05-14 20:50:54.347","caller":"cdn-check/manager.go:64","msg":"gomap CdnFilter 接口出现了问题,识别为不是cdn","err":{"error":"unexpected end of JSON input","kind":"*json.SyntaxError","stack":null},"checker name":"alibaba"}
{"level":"INFO","ts":"2024-05-14 20:50:54.378","caller":"cdn-check/manager.go:64","msg":"gomap CdnFilter 接口出现了问题,识别为不是cdn","err":{"error":"unexpected end of JSON input","kind":"*json.SyntaxError","stack":null},"checker name":"alibaba"}
{"level":"INFO","ts":"2024-05-14 20:50:54.409","caller":"cdn-check/manager.go:64","msg":"gomap CdnFilter 接口出现了问题,识别为不是cdn","err":{"error":"unexpected end of JSON input","kind":"*json.SyntaxError","stack":null},"checker name":"alibaba"}
{"level":"INFO","ts":"2024-05-14 20:50:54.440","caller":"cdn-check/manager.go:64","msg":"gomap CdnFilter 接口出现了问题,识别为不是cdn","err":{"error":"unexpected end of JSON input","kind":"*json.SyntaxError","stack":null},"checker name":"alibaba"}
{"level":"INFO","ts":"2024-05-14 20:50:54.470","caller":"cdn-check/manager.go:64","msg":"gomap CdnFilter 接口出现了问题,识别为不是cdn","err":{"error":"unexpected end of JSON input","kind":"*json.SyntaxError","stack":null},"checker name":"alibaba"}
{"level":"INFO","ts":"2024-05-14 20:50:54.501","caller":"cdn-check/manager.go:64","msg":"gomap CdnFilter 接口出现了问题,识别为不是cdn","err":{"error":"unexpected end of JSON input","kind":"*json.SyntaxError","stack":null},"checker name":"alibaba"}
{"level":"INFO","ts":"2024-05-14 20:50:54.531","caller":"cdn-check/manager.go:64","msg":"gomap CdnFilter 接口出现了问题,识别为不是cdn","err":{"error":"unexpected end of JSON input","kind":"*json.SyntaxError","stack":null},"checker name":"alibaba"}
{"level":"INFO","ts":"2024-05-14 20:50:54.562","caller":"cdn-check/manager.go:64","msg":"gomap CdnFilter 接口出现了问题,识别为不是cdn","checker name":"alibaba","err":{"error":"unexpected end of JSON input","kind":"*json.SyntaxError","stack":null}}
{"level":"INFO","ts":"2024-05-14 20:50:54.593","caller":"cdn-check/manager.go:64","msg":"gomap CdnFilter 接口出现了问题,识别为不是cdn","err":{"error":"unexpected end of JSON input","kind":"*json.SyntaxError","stack":null},"checker name":"alibaba"}
{"level":"INFO","ts":"2024-05-14 20:50:54.624","caller":"cdn-check/manager.go:64","msg":"gomap CdnFilter 接口出现了问题,识别为不是cdn","checker name":"alibaba","err":{"error":"unexpected end of JSON input","kind":"*json.SyntaxError","stack":null}}
{"level":"INFO","ts":"2024-05-14 20:50:54.655","caller":"cdn-check/manager.go:64","msg":"gomap CdnFilter 接口出现了问题,识别为不是cdn","err":{"error":"unexpected end of JSON input","kind":"*json.SyntaxError","stack":null},"checker name":"alibaba"}
{"level":"INFO","ts":"2024-05-14 20:50:54.686","caller":"cdn-check/manager.go:64","msg":"gomap CdnFilter 接口出现了问题,识别为不是cdn","err":{"error":"unexpected end of JSON input","kind":"*json.SyntaxError","stack":null},"checker name":"alibaba"}
{"level":"INFO","ts":"2024-05-14 20:50:54.717","caller":"cdn-check/manager.go:64","msg":"gomap CdnFilter 接口出现了问题,识别为不是cdn","err":{"error":"unexpected end of JSON input","kind":"*json.SyntaxError","stack":null},"checker name":"alibaba"}
{"level":"INFO","ts":"2024-05-14 20:50:54.748","caller":"cdn-check/manager.go:64","msg":"gomap CdnFilter 接口出现了问题,识别为不是cdn","err":{"error":"unexpected end of JSON input","kind":"*json.SyntaxError","stack":null},"checker name":"alibaba"}
{"level":"INFO","ts":"2024-05-14 20:50:54.779","caller":"cdn-check/manager.go:64","msg":"gomap CdnFilter 接口出现了问题,识别为不是cdn","err":{"error":"unexpected end of JSON input","kind":"*json.SyntaxError","stack":null},"checker name":"alibaba"}
{"level":"INFO","ts":"2024-05-14 20:50:54.810","caller":"cdn-check/manager.go:64","msg":"gomap CdnFilter 接口出现了问题,识别为不是cdn","err":{"error":"unexpected end of JSON input","kind":"*json.SyntaxError","stack":null},"checker name":"alibaba"}
{"level":"INFO","ts":"2024-05-14 20:50:54.841","caller":"cdn-check/manager.go:64","msg":"gomap CdnFilter 接口出现了问题,识别为不是cdn","err":{"error":"unexpected end of JSON input","kind":"*json.SyntaxError","stack":null},"checker name":"alibaba"}
{"level":"INFO","ts":"2024-05-14 20:50:54.873","caller":"cdn-check/manager.go:64","msg":"gomap CdnFilter 接口出现了问题,识别为不是cdn","err":{"error":"unexpected end of JSON input","kind":"*json.SyntaxError","stack":null},"checker name":"alibaba"}
{"level":"INFO","ts":"2024-05-14 20:50:54.903","caller":"cdn-check/manager.go:64","msg":"gomap CdnFilter 接口出现了问题,识别为不是cdn","err":{"error":"unexpected end of JSON input","kind":"*json.SyntaxError","stack":null},"checker name":"alibaba"}
{"level":"INFO","ts":"2024-05-14 20:50:54.934","caller":"cdn-check/manager.go:64","msg":"gomap CdnFilter 接口出现了问题,识别为不是cdn","checker name":"alibaba","err":{"error":"unexpected end of JSON input","kind":"*json.SyntaxError","stack":null}}
{"level":"INFO","ts":"2024-05-14 20:50:54.965","caller":"cdn-check/manager.go:64","msg":"gomap CdnFilter 接口出现了问题,识别为不是cdn","err":{"error":"unexpected end of JSON input","kind":"*json.SyntaxError","stack":null},"checker name":"alibaba"}
{"level":"INFO","ts":"2024-05-14 20:50:54.996","caller":"cdn-check/manager.go:64","msg":"gomap CdnFilter 接口出现了问题,识别为不是cdn","err":{"error":"unexpected end of JSON input","kind":"*json.SyntaxError","stack":null},"checker name":"alibaba"}
{"level":"INFO","ts":"2024-05-14 20:50:55.026","caller":"cdn-check/manager.go:64","msg":"gomap CdnFilter 接口出现了问题,识别为不是cdn","err":{"error":"unexpected end of JSON input","kind":"*json.SyntaxError","stack":null},"checker name":"alibaba"}
{"level":"INFO","ts":"2024-05-14 20:50:55.057","caller":"cdn-check/manager.go:64","msg":"gomap CdnFilter 接口出现了问题,识别为不是cdn","checker name":"alibaba","err":{"error":"unexpected end of JSON input","kind":"*json.SyntaxError","stack":null}}
{"level":"INFO","ts":"2024-05-14 20:50:55.088","caller":"cdn-check/manager.go:64","msg":"gomap CdnFilter 接口出现了问题,识别为不是cdn","err":{"error":"unexpected end of JSON input","kind":"*json.SyntaxError","stack":null},"checker name":"alibaba"}
{"level":"INFO","ts":"2024-05-14 20:50:55.119","caller":"cdn-check/manager.go:64","msg":"gomap CdnFilter 接口出现了问题,识别为不是cdn","err":{"error":"unexpected end of JSON input","kind":"*json.SyntaxError","stack":null},"checker name":"alibaba"}
{"level":"INFO","ts":"2024-05-14 20:50:55.150","caller":"cdn-check/manager.go:64","msg":"gomap CdnFilter 接口出现了问题,识别为不是cdn","checker name":"alibaba","err":{"error":"unexpected end of JSON input","kind":"*json.SyntaxError","stack":null}}
{"level":"INFO","ts":"2024-05-14 20:50:55.181","caller":"cdn-check/manager.go:64","msg":"gomap CdnFilter 接口出现了问题,识别为不是cdn","err":{"error":"unexpected end of JSON input","kind":"*json.SyntaxError","stack":null},"checker name":"alibaba"}
{"level":"INFO","ts":"2024-05-14 20:50:55.212","caller":"cdn-check/manager.go:64","msg":"gomap CdnFilter 接口出现了问题,识别为不是cdn","checker name":"alibaba","err":{"error":"unexpected end of JSON input","kind":"*json.SyntaxError","stack":null}}
{"level":"INFO","ts":"2024-05-14 20:50:55.243","caller":"cdn-check/manager.go:64","msg":"gomap CdnFilter 接口出现了问题,识别为不是cdn","err":{"error":"unexpected end of JSON input","kind":"*json.SyntaxError","stack":null},"checker name":"alibaba"}
{"level":"INFO","ts":"2024-05-14 20:50:55.274","caller":"cdn-check/manager.go:64","msg":"gomap CdnFilter 接口出现了问题,识别为不是cdn","err":{"error":"unexpected end of JSON input","kind":"*json.SyntaxError","stack":null},"checker name":"alibaba"}
{"level":"INFO","ts":"2024-05-14 20:50:55.306","caller":"cdn-check/manager.go:64","msg":"gomap CdnFilter 接口出现了问题,识别为不是cdn","err":{"error":"unexpected end of JSON input","kind":"*json.SyntaxError","stack":null},"checker name":"alibaba"}
{"level":"INFO","ts":"2024-05-14 20:50:55.336","caller":"cdn-check/manager.go:64","msg":"gomap CdnFilter 接口出现了问题,识别为不是cdn","checker name":"alibaba","err":{"error":"unexpected end of JSON input","kind":"*json.SyntaxError","stack":null}}
{"level":"INFO","ts":"2024-05-14 20:50:55.368","caller":"cdn-check/manager.go:64","msg":"gomap CdnFilter 接口出现了问题,识别为不是cdn","err":{"error":"unexpected end of JSON input","kind":"*json.SyntaxError","stack":null},"checker name":"alibaba"}
{"level":"INFO","ts":"2024-05-14 20:50:55.400","caller":"cdn-check/manager.go:64","msg":"gomap CdnFilter 接口出现了问题,识别为不是cdn","err":{"error":"unexpected end of JSON input","kind":"*json.SyntaxError","stack":null},"checker name":"alibaba"}
{"level":"INFO","ts":"2024-05-14 20:50:55.432","caller":"cdn-check/manager.go:64","msg":"gomap CdnFilter 接口出现了问题,识别为不是cdn","err":{"error":"unexpected end of JSON input","kind":"*json.SyntaxError","stack":null},"checker name":"alibaba"}
{"level":"INFO","ts":"2024-05-14 20:50:55.463","caller":"cdn-check/manager.go:64","msg":"gomap CdnFilter 接口出现了问题,识别为不是cdn","err":{"error":"unexpected end of JSON input","kind":"*json.SyntaxError","stack":null},"checker name":"alibaba"}
{"level":"INFO","ts":"2024-05-14 20:50:55.494","caller":"cdn-check/manager.go:64","msg":"gomap CdnFilter 接口出现了问题,识别为不是cdn","checker name":"alibaba","err":{"error":"unexpected end of JSON input","kind":"*json.SyntaxError","stack":null}}
{"level":"INFO","ts":"2024-05-14 20:50:55.525","caller":"cdn-check/manager.go:64","msg":"gomap CdnFilter 接口出现了问题,识别为不是cdn","err":{"error":"unexpected end of JSON input","kind":"*json.SyntaxError","stack":null},"checker name":"alibaba"}
{"level":"INFO","ts":"2024-05-14 20:50:55.557","caller":"cdn-check/manager.go:64","msg":"gomap CdnFilter 接口出现了问题,识别为不是cdn","err":{"error":"unexpected end of JSON input","kind":"*json.SyntaxError","stack":null},"checker name":"alibaba"}
{"level":"INFO","ts":"2024-05-14 20:50:55.588","caller":"cdn-check/manager.go:64","msg":"gomap CdnFilter 接口出现了问题,识别为不是cdn","err":{"error":"unexpected end of JSON input","kind":"*json.SyntaxError","stack":null},"checker name":"alibaba"}
{"level":"INFO","ts":"2024-05-14 20:50:55.619","caller":"cdn-check/manager.go:64","msg":"gomap CdnFilter 接口出现了问题,识别为不是cdn","checker name":"alibaba","err":{"error":"unexpected end of JSON input","kind":"*json.SyntaxError","stack":null}}
{"level":"INFO","ts":"2024-05-14 20:50:55.651","caller":"cdn-check/manager.go:64","msg":"gomap CdnFilter 接口出现了问题,识别为不是cdn","checker name":"alibaba","err":{"error":"unexpected end of JSON input","kind":"*json.SyntaxError","stack":null}}
{"level":"INFO","ts":"2024-05-14 20:50:55.682","caller":"cdn-check/manager.go:64","msg":"gomap CdnFilter 接口出现了问题,识别为不是cdn","err":{"error":"unexpected end of JSON input","kind":"*json.SyntaxError","stack":null},"checker name":"alibaba"}
{"level":"INFO","ts":"2024-05-14 20:50:55.713","caller":"cdn-check/manager.go:64","msg":"gomap CdnFilter 接口出现了问题,识别为不是cdn","err":{"error":"unexpected end of JSON input","kind":"*json.SyntaxError","stack":null},"checker name":"alibaba"}
{"level":"INFO","ts":"2024-05-14 20:50:55.744","caller":"cdn-check/manager.go:64","msg":"gomap CdnFilter 接口出现了问题,识别为不是cdn","checker name":"alibaba","err":{"error":"unexpected end of JSON input","kind":"*json.SyntaxError","stack":null}}
{"level":"INFO","ts":"2024-05-14 20:50:55.776","caller":"cdn-check/manager.go:64","msg":"gomap CdnFilter 接口出现了问题,识别为不是cdn","err":{"error":"unexpected end of JSON input","kind":"*json.SyntaxError","stack":null},"checker name":"alibaba"}
{"level":"INFO","ts":"2024-05-14 20:50:55.807","caller":"cdn-check/manager.go:64","msg":"gomap CdnFilter 接口出现了问题,识别为不是cdn","err":{"error":"unexpected end of JSON input","kind":"*json.SyntaxError","stack":null},"checker name":"alibaba"}
{"level":"INFO","ts":"2024-05-14 20:50:55.838","caller":"cdn-check/manager.go:64","msg":"gomap CdnFilter 接口出现了问题,识别为不是cdn","err":{"error":"unexpected end of JSON input","kind":"*json.SyntaxError","stack":null},"checker name":"alibaba"}
{"level":"INFO","ts":"2024-05-14 20:50:55.870","caller":"cdn-check/manager.go:64","msg":"gomap CdnFilter 接口出现了问题,识别为不是cdn","err":{"error":"unexpected end of JSON input","kind":"*json.SyntaxError","stack":null},"checker name":"alibaba"}
{"level":"INFO","ts":"2024-05-14 20:50:55.901","caller":"cdn-check/manager.go:64","msg":"gomap CdnFilter 接口出现了问题,识别为不是cdn","err":{"error":"unexpected end of JSON input","kind":"*json.SyntaxError","stack":null},"checker name":"alibaba"}
{"level":"INFO","ts":"2024-05-14 20:50:55.933","caller":"cdn-check/manager.go:64","msg":"gomap CdnFilter 接口出现了问题,识别为不是cdn","err":{"error":"unexpected end of JSON input","kind":"*json.SyntaxError","stack":null},"checker name":"alibaba"}
{"level":"INFO","ts":"2024-05-14 20:50:55.963","caller":"cdn-check/manager.go:64","msg":"gomap CdnFilter 接口出现了问题,识别为不是cdn","err":{"error":"unexpected end of JSON input","kind":"*json.SyntaxError","stack":null},"checker name":"alibaba"}
{"level":"INFO","ts":"2024-05-14 20:50:55.994","caller":"cdn-check/manager.go:64","msg":"gomap CdnFilter 接口出现了问题,识别为不是cdn","err":{"error":"unexpected end of JSON input","kind":"*json.SyntaxError","stack":null},"checker name":"alibaba"}
{"level":"INFO","ts":"2024-05-14 20:50:56.024","caller":"cdn-check/manager.go:64","msg":"gomap CdnFilter 接口出现了问题,识别为不是cdn","err":{"error":"unexpected end of JSON input","kind":"*json.SyntaxError","stack":null},"checker name":"alibaba"}
{"level":"INFO","ts":"2024-05-14 20:50:56.056","caller":"cdn-check/manager.go:64","msg":"gomap CdnFilter 接口出现了问题,识别为不是cdn","err":{"error":"unexpected end of JSON input","kind":"*json.SyntaxError","stack":null},"checker name":"alibaba"}
{"level":"INFO","ts":"2024-05-14 20:50:56.087","caller":"cdn-check/manager.go:64","msg":"gomap CdnFilter 接口出现了问题,识别为不是cdn","err":{"error":"unexpected end of JSON input","kind":"*json.SyntaxError","stack":null},"checker name":"alibaba"}
{"level":"INFO","ts":"2024-05-14 20:50:56.118","caller":"cdn-check/manager.go:64","msg":"gomap CdnFilter 接口出现了问题,识别为不是cdn","err":{"error":"unexpected end of JSON input","kind":"*json.SyntaxError","stack":null},"checker name":"alibaba"}
{"level":"INFO","ts":"2024-05-14 20:50:56.149","caller":"cdn-check/manager.go:64","msg":"gomap CdnFilter 接口出现了问题,识别为不是cdn","err":{"error":"unexpected end of JSON input","kind":"*json.SyntaxError","stack":null},"checker name":"alibaba"}
{"level":"INFO","ts":"2024-05-14 20:50:56.180","caller":"cdn-check/manager.go:64","msg":"gomap CdnFilter 接口出现了问题,识别为不是cdn","err":{"error":"unexpected end of JSON input","kind":"*json.SyntaxError","stack":null},"checker name":"alibaba"}
{"level":"INFO","ts":"2024-05-14 20:50:56.212","caller":"cdn-check/manager.go:64","msg":"gomap CdnFilter 接口出现了问题,识别为不是cdn","err":{"error":"unexpected end of JSON input","kind":"*json.SyntaxError","stack":null},"checker name":"alibaba"}
{"level":"INFO","ts":"2024-05-14 20:50:56.242","caller":"cdn-check/manager.go:64","msg":"gomap CdnFilter 接口出现了问题,识别为不是cdn","checker name":"alibaba","err":{"error":"unexpected end of JSON input","kind":"*json.SyntaxError","stack":null}}
{"level":"INFO","ts":"2024-05-14 20:50:56.273","caller":"cdn-check/manager.go:64","msg":"gomap CdnFilter 接口出现了问题,识别为不是cdn","err":{"error":"unexpected end of JSON input","kind":"*json.SyntaxError","stack":null},"checker name":"alibaba"}
{"level":"INFO","ts":"2024-05-14 20:50:56.304","caller":"cdn-check/manager.go:64","msg":"gomap CdnFilter 接口出现了问题,识别为不是cdn","checker name":"alibaba","err":{"error":"unexpected end of JSON input","kind":"*json.SyntaxError","stack":null}}
{"level":"INFO","ts":"2024-05-14 20:50:56.335","caller":"cdn-check/manager.go:64","msg":"gomap CdnFilter 接口出现了问题,识别为不是cdn","checker name":"alibaba","err":{"error":"unexpected end of JSON input","kind":"*json.SyntaxError","stack":null}}
{"level":"INFO","ts":"2024-05-14 20:50:56.365","caller":"cdn-check/manager.go:64","msg":"gomap CdnFilter 接口出现了问题,识别为不是cdn","err":{"error":"unexpected end of JSON input","kind":"*json.SyntaxError","stack":null},"checker name":"alibaba"}
{"level":"INFO","ts":"2024-05-14 20:50:56.395","caller":"cdn-check/manager.go:64","msg":"gomap CdnFilter 接口出现了问题,识别为不是cdn","err":{"error":"unexpected end of JSON input","kind":"*json.SyntaxError","stack":null},"checker name":"alibaba"}
{"level":"INFO","ts":"2024-05-14 20:50:56.426","caller":"cdn-check/manager.go:64","msg":"gomap CdnFilter 接口出现了问题,识别为不是cdn","err":{"error":"unexpected end of JSON input","kind":"*json.SyntaxError","stack":null},"checker name":"alibaba"}
{"level":"INFO","ts":"2024-05-14 20:50:56.458","caller":"cdn-check/manager.go:64","msg":"gomap CdnFilter 接口出现了问题,识别为不是cdn","err":{"error":"unexpected end of JSON input","kind":"*json.SyntaxError","stack":null},"checker name":"alibaba"}
{"level":"INFO","ts":"2024-05-14 20:50:56.490","caller":"cdn-check/manager.go:64","msg":"gomap CdnFilter 接口出现了问题,识别为不是cdn","err":{"error":"unexpected end of JSON input","kind":"*json.SyntaxError","stack":null},"checker name":"alibaba"}
{"level":"INFO","ts":"2024-05-14 20:50:56.522","caller":"cdn-check/manager.go:64","msg":"gomap CdnFilter 接口出现了问题,识别为不是cdn","err":{"error":"unexpected end of JSON input","kind":"*json.SyntaxError","stack":null},"checker name":"alibaba"}
{"level":"INFO","ts":"2024-05-14 20:50:56.553","caller":"cdn-check/manager.go:64","msg":"gomap CdnFilter 接口出现了问题,识别为不是cdn","err":{"error":"unexpected end of JSON input","kind":"*json.SyntaxError","stack":null},"checker name":"alibaba"}
{"level":"INFO","ts":"2024-05-14 20:50:56.583","caller":"cdn-check/manager.go:64","msg":"gomap CdnFilter 接口出现了问题,识别为不是cdn","err":{"error":"unexpected end of JSON input","kind":"*json.SyntaxError","stack":null},"checker name":"alibaba"}
{"level":"INFO","ts":"2024-05-14 20:50:56.614","caller":"cdn-check/manager.go:64","msg":"gomap CdnFilter 接口出现了问题,识别为不是cdn","err":{"error":"unexpected end of JSON input","kind":"*json.SyntaxError","stack":null},"checker name":"alibaba"}
{"level":"INFO","ts":"2024-05-14 20:50:56.646","caller":"cdn-check/manager.go:64","msg":"gomap CdnFilter 接口出现了问题,识别为不是cdn","err":{"error":"unexpected end of JSON input","kind":"*json.SyntaxError","stack":null},"checker name":"alibaba"}
{"level":"INFO","ts":"2024-05-14 20:50:56.677","caller":"cdn-check/manager.go:64","msg":"gomap CdnFilter 接口出现了问题,识别为不是cdn","checker name":"alibaba","err":{"error":"unexpected end of JSON input","kind":"*json.SyntaxError","stack":null}}
{"level":"INFO","ts":"2024-05-14 20:50:56.707","caller":"cdn-check/manager.go:64","msg":"gomap CdnFilter 接口出现了问题,识别为不是cdn","err":{"error":"unexpected end of JSON input","kind":"*json.SyntaxError","stack":null},"checker name":"alibaba"}
{"level":"INFO","ts":"2024-05-14 20:50:56.738","caller":"cdn-check/manager.go:64","msg":"gomap CdnFilter 接口出现了问题,识别为不是cdn","err":{"error":"unexpected end of JSON input","kind":"*json.SyntaxError","stack":null},"checker name":"alibaba"}
{"level":"INFO","ts":"2024-05-14 20:50:56.768","caller":"cdn-check/manager.go:64","msg":"gomap CdnFilter 接口出现了问题,识别为不是cdn","err":{"error":"unexpected end of JSON input","kind":"*json.SyntaxError","stack":null},"checker name":"alibaba"}
{"level":"INFO","ts":"2024-05-14 20:50:56.801","caller":"cdn-check/manager.go:64","msg":"gomap CdnFilter 接口出现了问题,识别为不是cdn","err":{"error":"unexpected end of JSON input","kind":"*json.SyntaxError","stack":null},"checker name":"alibaba"}
{"level":"INFO","ts":"2024-05-14 20:50:56.832","caller":"cdn-check/manager.go:64","msg":"gomap CdnFilter 接口出现了问题,识别为不是cdn","err":{"error":"unexpected end of JSON input","kind":"*json.SyntaxError","stack":null},"checker name":"alibaba"}
{"level":"INFO","ts":"2024-05-14 20:50:56.864","caller":"cdn-check/manager.go:64","msg":"gomap CdnFilter 接口出现了问题,识别为不是cdn","err":{"error":"unexpected end of JSON input","kind":"*json.SyntaxError","stack":null},"checker name":"alibaba"}
{"level":"INFO","ts":"2024-05-14 20:50:56.894","caller":"cdn-check/manager.go:64","msg":"gomap CdnFilter 接口出现了问题,识别为不是cdn","checker name":"alibaba","err":{"error":"unexpected end of JSON input","kind":"*json.SyntaxError","stack":null}}
{"level":"INFO","ts":"2024-05-14 20:50:56.925","caller":"cdn-check/manager.go:64","msg":"gomap CdnFilter 接口出现了问题,识别为不是cdn","err":{"error":"unexpected end of JSON input","kind":"*json.SyntaxError","stack":null},"checker name":"alibaba"}
{"level":"INFO","ts":"2024-05-14 20:50:56.955","caller":"cdn-check/manager.go:64","msg":"gomap CdnFilter 接口出现了问题,识别为不是cdn","err":{"error":"unexpected end of JSON input","kind":"*json.SyntaxError","stack":null},"checker name":"alibaba"}
{"level":"INFO","ts":"2024-05-14 20:50:56.987","caller":"cdn-check/manager.go:64","msg":"gomap CdnFilter 接口出现了问题,识别为不是cdn","err":{"error":"unexpected end of JSON input","kind":"*json.SyntaxError","stack":null},"checker name":"alibaba"}
{"level":"INFO","ts":"2024-05-14 20:50:57.018","caller":"cdn-check/manager.go:64","msg":"gomap CdnFilter 接口出现了问题,识别为不是cdn","err":{"error":"unexpected end of JSON input","kind":"*json.SyntaxError","stack":null},"checker name":"alibaba"}
{"level":"INFO","ts":"2024-05-14 20:50:57.048","caller":"cdn-check/manager.go:64","msg":"gomap CdnFilter 接口出现了问题,识别为不是cdn","err":{"error":"unexpected end of JSON input","kind":"*json.SyntaxError","stack":null},"checker name":"alibaba"}
{"level":"INFO","ts":"2024-05-14 20:50:57.079","caller":"cdn-check/manager.go:64","msg":"gomap CdnFilter 接口出现了问题,识别为不是cdn","err":{"error":"unexpected end of JSON input","kind":"*json.SyntaxError","stack":null},"checker name":"alibaba"}
{"level":"INFO","ts":"2024-05-14 20:50:57.110","caller":"cdn-check/manager.go:64","msg":"gomap CdnFilter 接口出现了问题,识别为不是cdn","checker name":"alibaba","err":{"error":"unexpected end of JSON input","kind":"*json.SyntaxError","stack":null}}
{"level":"INFO","ts":"2024-05-14 20:50:57.141","caller":"cdn-check/manager.go:64","msg":"gomap CdnFilter 接口出现了问题,识别为不是cdn","err":{"error":"unexpected end of JSON input","kind":"*json.SyntaxError","stack":null},"checker name":"alibaba"}
{"level":"INFO","ts":"2024-05-14 20:50:57.172","caller":"cdn-check/manager.go:64","msg":"gomap CdnFilter 接口出现了问题,识别为不是cdn","err":{"error":"unexpected end of JSON input","kind":"*json.SyntaxError","stack":null},"checker name":"alibaba"}
{"level":"INFO","ts":"2024-05-14 20:50:57.203","caller":"cdn-check/manager.go:64","msg":"gomap CdnFilter 接口出现了问题,识别为不是cdn","err":{"error":"unexpected end of JSON input","kind":"*json.SyntaxError","stack":null},"checker name":"alibaba"}
{"level":"INFO","ts":"2024-05-14 20:50:57.235","caller":"cdn-check/manager.go:64","msg":"gomap CdnFilter 接口出现了问题,识别为不是cdn","err":{"error":"unexpected end of JSON input","kind":"*json.SyntaxError","stack":null},"checker name":"alibaba"}
{"level":"INFO","ts":"2024-05-14 20:50:57.265","caller":"cdn-check/manager.go:64","msg":"gomap CdnFilter 接口出现了问题,识别为不是cdn","err":{"error":"unexpected end of JSON input","kind":"*json.SyntaxError","stack":null},"checker name":"alibaba"}
{"level":"INFO","ts":"2024-05-14 20:50:57.297","caller":"cdn-check/manager.go:64","msg":"gomap CdnFilter 接口出现了问题,识别为不是cdn","checker name":"alibaba","err":{"error":"unexpected end of JSON input","kind":"*json.SyntaxError","stack":null}}
{"level":"INFO","ts":"2024-05-14 20:50:57.328","caller":"cdn-check/manager.go:64","msg":"gomap CdnFilter 接口出现了问题,识别为不是cdn","err":{"error":"unexpected end of JSON input","kind":"*json.SyntaxError","stack":null},"checker name":"alibaba"}
{"level":"INFO","ts":"2024-05-14 20:50:57.360","caller":"cdn-check/manager.go:64","msg":"gomap CdnFilter 接口出现了问题,识别为不是cdn","err":{"error":"unexpected end of JSON input","kind":"*json.SyntaxError","stack":null},"checker name":"alibaba"}
{"level":"INFO","ts":"2024-05-14 20:50:57.391","caller":"cdn-check/manager.go:64","msg":"gomap CdnFilter 接口出现了问题,识别为不是cdn","err":{"error":"unexpected end of JSON input","kind":"*json.SyntaxError","stack":null},"checker name":"alibaba"}
{"level":"INFO","ts":"2024-05-14 20:50:57.421","caller":"cdn-check/manager.go:64","msg":"gomap CdnFilter 接口出现了问题,识别为不是cdn","err":{"error":"unexpected end of JSON input","kind":"*json.SyntaxError","stack":null},"checker name":"alibaba"}
{"level":"INFO","ts":"2024-05-14 20:50:57.452","caller":"cdn-check/manager.go:64","msg":"gomap CdnFilter 接口出现了问题,识别为不是cdn","checker name":"alibaba","err":{"error":"unexpected end of JSON input","kind":"*json.SyntaxError","stack":null}}
{"level":"INFO","ts":"2024-05-14 20:50:57.483","caller":"cdn-check/manager.go:64","msg":"gomap CdnFilter 接口出现了问题,识别为不是cdn","err":{"error":"unexpected end of JSON input","kind":"*json.SyntaxError","stack":null},"checker name":"alibaba"}
{"level":"INFO","ts":"2024-05-14 20:50:57.514","caller":"cdn-check/manager.go:64","msg":"gomap CdnFilter 接口出现了问题,识别为不是cdn","err":{"error":"unexpected end of JSON input","kind":"*json.SyntaxError","stack":null},"checker name":"alibaba"}
{"level":"INFO","ts":"2024-05-14 20:50:57.545","caller":"cdn-check/manager.go:64","msg":"gomap CdnFilter 接口出现了问题,识别为不是cdn","err":{"error":"unexpected end of JSON input","kind":"*json.SyntaxError","stack":null},"checker name":"alibaba"}
{"level":"INFO","ts":"2024-05-14 20:50:57.576","caller":"cdn-check/manager.go:64","msg":"gomap CdnFilter 接口出现了问题,识别为不是cdn","err":{"error":"unexpected end of JSON input","kind":"*json.SyntaxError","stack":null},"checker name":"alibaba"}
{"level":"INFO","ts":"2024-05-14 20:50:57.608","caller":"cdn-check/manager.go:64","msg":"gomap CdnFilter 接口出现了问题,识别为不是cdn","checker name":"alibaba","err":{"error":"unexpected end of JSON input","kind":"*json.SyntaxError","stack":null}}
{"level":"INFO","ts":"2024-05-14 20:50:57.640","caller":"cdn-check/manager.go:92","msg":"[gomap][CdnFilter]识别了ip:","success number":0,"total number":302,"checker:":"alibaba","const time":9.3992208,"原本的总ip数：":302,"识别为cdn的ip数：":0}
{"level":"INFO","ts":"2024-05-14 20:50:59.425","caller":"cdn-check/manager.go:64","msg":"gomap CdnFilter 接口出现了问题,识别为不是cdn","err":{"error":"[Code: SignatureEmpty; Message: Signature is invalid: Signature is empty.; RequestId: dfefeb09-ce42-4dff-b42e-685b6c0d35c4]","kind":"*bce.BceServiceError","stack":null},"checker name":"baidu"}
{"level":"INFO","ts":"2024-05-14 20:50:59.427","caller":"cdn-check/manager.go:64","msg":"gomap CdnFilter 接口出现了问题,识别为不是cdn","checker name":"baidu","err":{"error":"[Code: SignatureEmpty; Message: Signature is invalid: Signature is empty.; RequestId: 8ac81037-7da4-4e3d-bda2-8851d8e8212b]","kind":"*bce.BceServiceError","stack":null}}
{"level":"INFO","ts":"2024-05-14 20:50:59.430","caller":"cdn-check/manager.go:64","msg":"gomap CdnFilter 接口出现了问题,识别为不是cdn","err":{"error":"[Code: SignatureEmpty; Message: Signature is invalid: Signature is empty.; RequestId: 6c0855ca-eef3-48f5-90a8-de940d1fe9f6]","kind":"*bce.BceServiceError","stack":null},"checker name":"baidu"}
{"level":"INFO","ts":"2024-05-14 20:50:59.434","caller":"cdn-check/manager.go:64","msg":"gomap CdnFilter 接口出现了问题,识别为不是cdn","err":{"error":"[Code: SignatureEmpty; Message: Signature is invalid: Signature is empty.; RequestId: 64b2b66f-5c56-4cfc-9dd9-d8855441000a]","kind":"*bce.BceServiceError","stack":null},"checker name":"baidu"}
{"level":"INFO","ts":"2024-05-14 20:50:59.434","caller":"cdn-check/manager.go:92","msg":"[gomap][CdnFilter]识别了ip:","const time":1.7941189,"原本的总ip数：":302,"识别为cdn的ip数：":0,"success number":0,"total number":4,"checker:":"baidu"}
{"level":"INFO","ts":"2024-05-14 20:50:59.541","caller":"cdn-check/manager.go:64","msg":"gomap CdnFilter 接口出现了问题,识别为不是cdn","checker name":"wangsu","err":{"error":"invalid character '<' looking for beginning of value","kind":"*json.SyntaxError","stack":null}}
{"level":"INFO","ts":"2024-05-14 20:50:59.545","caller":"cdn-check/manager.go:64","msg":"gomap CdnFilter 接口出现了问题,识别为不是cdn","err":{"error":"invalid character '<' looking for beginning of value","kind":"*json.SyntaxError","stack":null},"checker name":"wangsu"}
{"level":"INFO","ts":"2024-05-14 20:50:59.578","caller":"cdn-check/manager.go:64","msg":"gomap CdnFilter 接口出现了问题,识别为不是cdn","err":{"error":"invalid character '<' looking for beginning of value","kind":"*json.SyntaxError","stack":null},"checker name":"wangsu"}
{"level":"INFO","ts":"2024-05-14 20:50:59.580","caller":"cdn-check/manager.go:64","msg":"gomap CdnFilter 接口出现了问题,识别为不是cdn","err":{"error":"invalid character '<' looking for beginning of value","kind":"*json.SyntaxError","stack":null},"checker name":"wangsu"}
{"level":"INFO","ts":"2024-05-14 20:50:59.583","caller":"cdn-check/manager.go:64","msg":"gomap CdnFilter 接口出现了问题,识别为不是cdn","err":{"error":"invalid character '<' looking for beginning of value","kind":"*json.SyntaxError","stack":null},"checker name":"wangsu"}
{"level":"INFO","ts":"2024-05-14 20:50:59.583","caller":"cdn-check/manager.go:64","msg":"gomap CdnFilter 接口出现了问题,识别为不是cdn","err":{"error":"invalid character '<' looking for beginning of value","kind":"*json.SyntaxError","stack":null},"checker name":"wangsu"}
{"level":"INFO","ts":"2024-05-14 20:50:59.585","caller":"cdn-check/manager.go:64","msg":"gomap CdnFilter 接口出现了问题,识别为不是cdn","err":{"error":"invalid character '<' looking for beginning of value","kind":"*json.SyntaxError","stack":null},"checker name":"wangsu"}
{"level":"INFO","ts":"2024-05-14 20:50:59.585","caller":"cdn-check/manager.go:64","msg":"gomap CdnFilter 接口出现了问题,识别为不是cdn","err":{"error":"invalid character '<' looking for beginning of value","kind":"*json.SyntaxError","stack":null},"checker name":"wangsu"}
{"level":"INFO","ts":"2024-05-14 20:50:59.590","caller":"cdn-check/manager.go:64","msg":"gomap CdnFilter 接口出现了问题,识别为不是cdn","checker name":"wangsu","err":{"error":"invalid character '<' looking for beginning of value","kind":"*json.SyntaxError","stack":null}}
{"level":"INFO","ts":"2024-05-14 20:50:59.590","caller":"cdn-check/manager.go:64","msg":"gomap CdnFilter 接口出现了问题,识别为不是cdn","err":{"error":"invalid character '<' looking for beginning of value","kind":"*json.SyntaxError","stack":null},"checker name":"wangsu"}
{"level":"INFO","ts":"2024-05-14 20:50:59.591","caller":"cdn-check/manager.go:64","msg":"gomap CdnFilter 接口出现了问题,识别为不是cdn","err":{"error":"invalid character '<' looking for beginning of value","kind":"*json.SyntaxError","stack":null},"checker name":"wangsu"}
{"level":"INFO","ts":"2024-05-14 20:50:59.593","caller":"cdn-check/manager.go:64","msg":"gomap CdnFilter 接口出现了问题,识别为不是cdn","checker name":"wangsu","err":{"error":"invalid character '<' looking for beginning of value","kind":"*json.SyntaxError","stack":null}}
{"level":"INFO","ts":"2024-05-14 20:50:59.597","caller":"cdn-check/manager.go:64","msg":"gomap CdnFilter 接口出现了问题,识别为不是cdn","err":{"error":"invalid character '<' looking for beginning of value","kind":"*json.SyntaxError","stack":null},"checker name":"wangsu"}
{"level":"INFO","ts":"2024-05-14 20:50:59.597","caller":"cdn-check/manager.go:64","msg":"gomap CdnFilter 接口出现了问题,识别为不是cdn","checker name":"wangsu","err":{"error":"invalid character '<' looking for beginning of value","kind":"*json.SyntaxError","stack":null}}
{"level":"INFO","ts":"2024-05-14 20:50:59.604","caller":"cdn-check/manager.go:64","msg":"gomap CdnFilter 接口出现了问题,识别为不是cdn","err":{"error":"invalid character '<' looking for beginning of value","kind":"*json.SyntaxError","stack":null},"checker name":"wangsu"}
{"level":"INFO","ts":"2024-05-14 20:50:59.604","caller":"cdn-check/manager.go:64","msg":"gomap CdnFilter 接口出现了问题,识别为不是cdn","checker name":"wangsu","err":{"error":"invalid character '<' looking for beginning of value","kind":"*json.SyntaxError","stack":null}}
{"level":"INFO","ts":"2024-05-14 20:50:59.605","caller":"cdn-check/manager.go:92","msg":"[gomap][CdnFilter]识别了ip:","识别为cdn的ip数：":0,"success number":0,"total number":16,"checker:":"wangsu","const time":0.1705415,"原本的总ip数：":302}
{"level":"INFO","ts":"2024-05-14 20:50:59.605","caller":"cdn-check/ip2cdn.go:60","msg":"the ip addresses of the cdn the checkers recognized :","cdnList:":"[]"}
{"level":"INFO","ts":"2024-05-14 20:55:45.671","caller":"cdn-check/manager.go:64","msg":"gomap CdnFilter 接口出现了问题,识别为不是cdn","err":{"error":"unexpected end of JSON input","kind":"*json.SyntaxError","stack":null},"checker name":"alibaba"}
{"level":"INFO","ts":"2024-05-14 20:55:45.702","caller":"cdn-check/manager.go:64","msg":"gomap CdnFilter 接口出现了问题,识别为不是cdn","err":{"error":"unexpected end of JSON input","kind":"*json.SyntaxError","stack":null},"checker name":"alibaba"}
{"level":"INFO","ts":"2024-05-14 20:55:45.734","caller":"cdn-check/manager.go:64","msg":"gomap CdnFilter 接口出现了问题,识别为不是cdn","err":{"error":"unexpected end of JSON input","kind":"*json.SyntaxError","stack":null},"checker name":"alibaba"}
{"level":"INFO","ts":"2024-05-14 20:55:45.765","caller":"cdn-check/manager.go:64","msg":"gomap CdnFilter 接口出现了问题,识别为不是cdn","checker name":"alibaba","err":{"error":"unexpected end of JSON input","kind":"*json.SyntaxError","stack":null}}
{"level":"INFO","ts":"2024-05-14 20:55:45.797","caller":"cdn-check/manager.go:64","msg":"gomap CdnFilter 接口出现了问题,识别为不是cdn","err":{"error":"unexpected end of JSON input","kind":"*json.SyntaxError","stack":null},"checker name":"alibaba"}
{"level":"INFO","ts":"2024-05-14 20:55:45.829","caller":"cdn-check/manager.go:64","msg":"gomap CdnFilter 接口出现了问题,识别为不是cdn","checker name":"alibaba","err":{"error":"unexpected end of JSON input","kind":"*json.SyntaxError","stack":null}}
{"level":"INFO","ts":"2024-05-14 20:55:45.860","caller":"cdn-check/manager.go:64","msg":"gomap CdnFilter 接口出现了问题,识别为不是cdn","checker name":"alibaba","err":{"error":"unexpected end of JSON input","kind":"*json.SyntaxError","stack":null}}
{"level":"INFO","ts":"2024-05-14 20:55:45.891","caller":"cdn-check/manager.go:64","msg":"gomap CdnFilter 接口出现了问题,识别为不是cdn","err":{"error":"unexpected end of JSON input","kind":"*json.SyntaxError","stack":null},"checker name":"alibaba"}
{"level":"INFO","ts":"2024-05-14 20:55:45.922","caller":"cdn-check/manager.go:64","msg":"gomap CdnFilter 接口出现了问题,识别为不是cdn","err":{"error":"unexpected end of JSON input","kind":"*json.SyntaxError","stack":null},"checker name":"alibaba"}
{"level":"INFO","ts":"2024-05-14 20:55:45.953","caller":"cdn-check/manager.go:64","msg":"gomap CdnFilter 接口出现了问题,识别为不是cdn","err":{"error":"unexpected end of JSON input","kind":"*json.SyntaxError","stack":null},"checker name":"alibaba"}
{"level":"INFO","ts":"2024-05-14 20:55:45.984","caller":"cdn-check/manager.go:64","msg":"gomap CdnFilter 接口出现了问题,识别为不是cdn","err":{"error":"unexpected end of JSON input","kind":"*json.SyntaxError","stack":null},"checker name":"alibaba"}
{"level":"INFO","ts":"2024-05-14 20:55:46.016","caller":"cdn-check/manager.go:64","msg":"gomap CdnFilter 接口出现了问题,识别为不是cdn","err":{"error":"unexpected end of JSON input","kind":"*json.SyntaxError","stack":null},"checker name":"alibaba"}
{"level":"INFO","ts":"2024-05-14 20:55:46.048","caller":"cdn-check/manager.go:64","msg":"gomap CdnFilter 接口出现了问题,识别为不是cdn","err":{"error":"unexpected end of JSON input","kind":"*json.SyntaxError","stack":null},"checker name":"alibaba"}
{"level":"INFO","ts":"2024-05-14 20:55:46.079","caller":"cdn-check/manager.go:64","msg":"gomap CdnFilter 接口出现了问题,识别为不是cdn","err":{"error":"unexpected end of JSON input","kind":"*json.SyntaxError","stack":null},"checker name":"alibaba"}
{"level":"INFO","ts":"2024-05-14 20:55:46.110","caller":"cdn-check/manager.go:64","msg":"gomap CdnFilter 接口出现了问题,识别为不是cdn","err":{"error":"unexpected end of JSON input","kind":"*json.SyntaxError","stack":null},"checker name":"alibaba"}
{"level":"INFO","ts":"2024-05-14 20:55:46.140","caller":"cdn-check/manager.go:64","msg":"gomap CdnFilter 接口出现了问题,识别为不是cdn","checker name":"alibaba","err":{"error":"unexpected end of JSON input","kind":"*json.SyntaxError","stack":null}}
{"level":"INFO","ts":"2024-05-14 20:55:46.171","caller":"cdn-check/manager.go:64","msg":"gomap CdnFilter 接口出现了问题,识别为不是cdn","err":{"error":"unexpected end of JSON input","kind":"*json.SyntaxError","stack":null},"checker name":"alibaba"}
{"level":"INFO","ts":"2024-05-14 20:55:46.202","caller":"cdn-check/manager.go:64","msg":"gomap CdnFilter 接口出现了问题,识别为不是cdn","checker name":"alibaba","err":{"error":"unexpected end of JSON input","kind":"*json.SyntaxError","stack":null}}
{"level":"INFO","ts":"2024-05-14 20:55:46.234","caller":"cdn-check/manager.go:64","msg":"gomap CdnFilter 接口出现了问题,识别为不是cdn","err":{"error":"unexpected end of JSON input","kind":"*json.SyntaxError","stack":null},"checker name":"alibaba"}
{"level":"INFO","ts":"2024-05-14 20:55:46.265","caller":"cdn-check/manager.go:64","msg":"gomap CdnFilter 接口出现了问题,识别为不是cdn","err":{"error":"unexpected end of JSON input","kind":"*json.SyntaxError","stack":null},"checker name":"alibaba"}
{"level":"INFO","ts":"2024-05-14 20:55:46.296","caller":"cdn-check/manager.go:64","msg":"gomap CdnFilter 接口出现了问题,识别为不是cdn","err":{"error":"unexpected end of JSON input","kind":"*json.SyntaxError","stack":null},"checker name":"alibaba"}
{"level":"INFO","ts":"2024-05-14 20:55:46.329","caller":"cdn-check/manager.go:64","msg":"gomap CdnFilter 接口出现了问题,识别为不是cdn","err":{"error":"unexpected end of JSON input","kind":"*json.SyntaxError","stack":null},"checker name":"alibaba"}
{"level":"INFO","ts":"2024-05-14 20:55:46.360","caller":"cdn-check/manager.go:64","msg":"gomap CdnFilter 接口出现了问题,识别为不是cdn","err":{"error":"unexpected end of JSON input","kind":"*json.SyntaxError","stack":null},"checker name":"alibaba"}
{"level":"INFO","ts":"2024-05-14 20:55:46.390","caller":"cdn-check/manager.go:64","msg":"gomap CdnFilter 接口出现了问题,识别为不是cdn","err":{"error":"unexpected end of JSON input","kind":"*json.SyntaxError","stack":null},"checker name":"alibaba"}
{"level":"INFO","ts":"2024-05-14 20:55:46.420","caller":"cdn-check/manager.go:64","msg":"gomap CdnFilter 接口出现了问题,识别为不是cdn","err":{"error":"unexpected end of JSON input","kind":"*json.SyntaxError","stack":null},"checker name":"alibaba"}
{"level":"INFO","ts":"2024-05-14 20:55:46.451","caller":"cdn-check/manager.go:64","msg":"gomap CdnFilter 接口出现了问题,识别为不是cdn","err":{"error":"unexpected end of JSON input","kind":"*json.SyntaxError","stack":null},"checker name":"alibaba"}
{"level":"INFO","ts":"2024-05-14 20:55:46.482","caller":"cdn-check/manager.go:64","msg":"gomap CdnFilter 接口出现了问题,识别为不是cdn","checker name":"alibaba","err":{"error":"unexpected end of JSON input","kind":"*json.SyntaxError","stack":null}}
{"level":"INFO","ts":"2024-05-14 20:55:46.514","caller":"cdn-check/manager.go:64","msg":"gomap CdnFilter 接口出现了问题,识别为不是cdn","checker name":"alibaba","err":{"error":"unexpected end of JSON input","kind":"*json.SyntaxError","stack":null}}
{"level":"INFO","ts":"2024-05-14 20:55:46.545","caller":"cdn-check/manager.go:64","msg":"gomap CdnFilter 接口出现了问题,识别为不是cdn","err":{"error":"unexpected end of JSON input","kind":"*json.SyntaxError","stack":null},"checker name":"alibaba"}
{"level":"INFO","ts":"2024-05-14 20:55:46.576","caller":"cdn-check/manager.go:64","msg":"gomap CdnFilter 接口出现了问题,识别为不是cdn","err":{"error":"unexpected end of JSON input","kind":"*json.SyntaxError","stack":null},"checker name":"alibaba"}
{"level":"INFO","ts":"2024-05-14 20:55:46.607","caller":"cdn-check/manager.go:64","msg":"gomap CdnFilter 接口出现了问题,识别为不是cdn","err":{"error":"unexpected end of JSON input","kind":"*json.SyntaxError","stack":null},"checker name":"alibaba"}
{"level":"INFO","ts":"2024-05-14 20:55:46.638","caller":"cdn-check/manager.go:64","msg":"gomap CdnFilter 接口出现了问题,识别为不是cdn","err":{"error":"unexpected end of JSON input","kind":"*json.SyntaxError","stack":null},"checker name":"alibaba"}
{"level":"INFO","ts":"2024-05-14 20:55:46.670","caller":"cdn-check/manager.go:64","msg":"gomap CdnFilter 接口出现了问题,识别为不是cdn","err":{"error":"unexpected end of JSON input","kind":"*json.SyntaxError","stack":null},"checker name":"alibaba"}
{"level":"INFO","ts":"2024-05-14 20:55:46.701","caller":"cdn-check/manager.go:64","msg":"gomap CdnFilter 接口出现了问题,识别为不是cdn","err":{"error":"unexpected end of JSON input","kind":"*json.SyntaxError","stack":null},"checker name":"alibaba"}
{"level":"INFO","ts":"2024-05-14 20:55:46.732","caller":"cdn-check/manager.go:64","msg":"gomap CdnFilter 接口出现了问题,识别为不是cdn","err":{"error":"unexpected end of JSON input","kind":"*json.SyntaxError","stack":null},"checker name":"alibaba"}
{"level":"INFO","ts":"2024-05-14 20:55:46.763","caller":"cdn-check/manager.go:64","msg":"gomap CdnFilter 接口出现了问题,识别为不是cdn","err":{"error":"unexpected end of JSON input","kind":"*json.SyntaxError","stack":null},"checker name":"alibaba"}
{"level":"INFO","ts":"2024-05-14 20:55:46.794","caller":"cdn-check/manager.go:64","msg":"gomap CdnFilter 接口出现了问题,识别为不是cdn","err":{"error":"unexpected end of JSON input","kind":"*json.SyntaxError","stack":null},"checker name":"alibaba"}
{"level":"INFO","ts":"2024-05-14 20:55:46.825","caller":"cdn-check/manager.go:64","msg":"gomap CdnFilter 接口出现了问题,识别为不是cdn","checker name":"alibaba","err":{"error":"unexpected end of JSON input","kind":"*json.SyntaxError","stack":null}}
{"level":"INFO","ts":"2024-05-14 20:55:46.856","caller":"cdn-check/manager.go:64","msg":"gomap CdnFilter 接口出现了问题,识别为不是cdn","err":{"error":"unexpected end of JSON input","kind":"*json.SyntaxError","stack":null},"checker name":"alibaba"}
{"level":"INFO","ts":"2024-05-14 20:55:46.887","caller":"cdn-check/manager.go:64","msg":"gomap CdnFilter 接口出现了问题,识别为不是cdn","err":{"error":"unexpected end of JSON input","kind":"*json.SyntaxError","stack":null},"checker name":"alibaba"}
{"level":"INFO","ts":"2024-05-14 20:55:46.919","caller":"cdn-check/manager.go:64","msg":"gomap CdnFilter 接口出现了问题,识别为不是cdn","err":{"error":"unexpected end of JSON input","kind":"*json.SyntaxError","stack":null},"checker name":"alibaba"}
{"level":"INFO","ts":"2024-05-14 20:55:46.950","caller":"cdn-check/manager.go:64","msg":"gomap CdnFilter 接口出现了问题,识别为不是cdn","err":{"error":"unexpected end of JSON input","kind":"*json.SyntaxError","stack":null},"checker name":"alibaba"}
{"level":"INFO","ts":"2024-05-14 20:55:46.981","caller":"cdn-check/manager.go:64","msg":"gomap CdnFilter 接口出现了问题,识别为不是cdn","err":{"error":"unexpected end of JSON input","kind":"*json.SyntaxError","stack":null},"checker name":"alibaba"}
{"level":"INFO","ts":"2024-05-14 20:55:47.012","caller":"cdn-check/manager.go:64","msg":"gomap CdnFilter 接口出现了问题,识别为不是cdn","err":{"error":"unexpected end of JSON input","kind":"*json.SyntaxError","stack":null},"checker name":"alibaba"}
{"level":"INFO","ts":"2024-05-14 20:55:47.044","caller":"cdn-check/manager.go:64","msg":"gomap CdnFilter 接口出现了问题,识别为不是cdn","err":{"error":"unexpected end of JSON input","kind":"*json.SyntaxError","stack":null},"checker name":"alibaba"}
{"level":"INFO","ts":"2024-05-14 20:55:47.075","caller":"cdn-check/manager.go:64","msg":"gomap CdnFilter 接口出现了问题,识别为不是cdn","err":{"error":"unexpected end of JSON input","kind":"*json.SyntaxError","stack":null},"checker name":"alibaba"}
{"level":"INFO","ts":"2024-05-14 20:55:47.106","caller":"cdn-check/manager.go:64","msg":"gomap CdnFilter 接口出现了问题,识别为不是cdn","err":{"error":"unexpected end of JSON input","kind":"*json.SyntaxError","stack":null},"checker name":"alibaba"}
{"level":"INFO","ts":"2024-05-14 20:55:47.137","caller":"cdn-check/manager.go:64","msg":"gomap CdnFilter 接口出现了问题,识别为不是cdn","err":{"error":"unexpected end of JSON input","kind":"*json.SyntaxError","stack":null},"checker name":"alibaba"}
{"level":"INFO","ts":"2024-05-14 20:55:47.168","caller":"cdn-check/manager.go:64","msg":"gomap CdnFilter 接口出现了问题,识别为不是cdn","err":{"error":"unexpected end of JSON input","kind":"*json.SyntaxError","stack":null},"checker name":"alibaba"}
{"level":"INFO","ts":"2024-05-14 20:55:47.199","caller":"cdn-check/manager.go:64","msg":"gomap CdnFilter 接口出现了问题,识别为不是cdn","err":{"error":"unexpected end of JSON input","kind":"*json.SyntaxError","stack":null},"checker name":"alibaba"}
{"level":"INFO","ts":"2024-05-14 20:55:47.230","caller":"cdn-check/manager.go:64","msg":"gomap CdnFilter 接口出现了问题,识别为不是cdn","err":{"error":"unexpected end of JSON input","kind":"*json.SyntaxError","stack":null},"checker name":"alibaba"}
{"level":"INFO","ts":"2024-05-14 20:55:47.262","caller":"cdn-check/manager.go:64","msg":"gomap CdnFilter 接口出现了问题,识别为不是cdn","err":{"error":"unexpected end of JSON input","kind":"*json.SyntaxError","stack":null},"checker name":"alibaba"}
{"level":"INFO","ts":"2024-05-14 20:55:47.292","caller":"cdn-check/manager.go:64","msg":"gomap CdnFilter 接口出现了问题,识别为不是cdn","err":{"error":"unexpected end of JSON input","kind":"*json.SyntaxError","stack":null},"checker name":"alibaba"}
{"level":"INFO","ts":"2024-05-14 20:55:47.324","caller":"cdn-check/manager.go:64","msg":"gomap CdnFilter 接口出现了问题,识别为不是cdn","checker name":"alibaba","err":{"error":"unexpected end of JSON input","kind":"*json.SyntaxError","stack":null}}
{"level":"INFO","ts":"2024-05-14 20:55:47.355","caller":"cdn-check/manager.go:64","msg":"gomap CdnFilter 接口出现了问题,识别为不是cdn","err":{"error":"unexpected end of JSON input","kind":"*json.SyntaxError","stack":null},"checker name":"alibaba"}
{"level":"INFO","ts":"2024-05-14 20:55:47.386","caller":"cdn-check/manager.go:64","msg":"gomap CdnFilter 接口出现了问题,识别为不是cdn","err":{"error":"unexpected end of JSON input","kind":"*json.SyntaxError","stack":null},"checker name":"alibaba"}
{"level":"INFO","ts":"2024-05-14 20:55:47.417","caller":"cdn-check/manager.go:64","msg":"gomap CdnFilter 接口出现了问题,识别为不是cdn","err":{"error":"unexpected end of JSON input","kind":"*json.SyntaxError","stack":null},"checker name":"alibaba"}
{"level":"INFO","ts":"2024-05-14 20:55:47.448","caller":"cdn-check/manager.go:64","msg":"gomap CdnFilter 接口出现了问题,识别为不是cdn","err":{"error":"unexpected end of JSON input","kind":"*json.SyntaxError","stack":null},"checker name":"alibaba"}
{"level":"INFO","ts":"2024-05-14 20:55:47.479","caller":"cdn-check/manager.go:64","msg":"gomap CdnFilter 接口出现了问题,识别为不是cdn","err":{"error":"unexpected end of JSON input","kind":"*json.SyntaxError","stack":null},"checker name":"alibaba"}
{"level":"INFO","ts":"2024-05-14 20:55:47.510","caller":"cdn-check/manager.go:64","msg":"gomap CdnFilter 接口出现了问题,识别为不是cdn","checker name":"alibaba","err":{"error":"unexpected end of JSON input","kind":"*json.SyntaxError","stack":null}}
{"level":"INFO","ts":"2024-05-14 20:55:47.542","caller":"cdn-check/manager.go:64","msg":"gomap CdnFilter 接口出现了问题,识别为不是cdn","err":{"error":"unexpected end of JSON input","kind":"*json.SyntaxError","stack":null},"checker name":"alibaba"}
{"level":"INFO","ts":"2024-05-14 20:55:47.573","caller":"cdn-check/manager.go:64","msg":"gomap CdnFilter 接口出现了问题,识别为不是cdn","err":{"error":"unexpected end of JSON input","kind":"*json.SyntaxError","stack":null},"checker name":"alibaba"}
{"level":"INFO","ts":"2024-05-14 20:55:47.604","caller":"cdn-check/manager.go:64","msg":"gomap CdnFilter 接口出现了问题,识别为不是cdn","err":{"error":"unexpected end of JSON input","kind":"*json.SyntaxError","stack":null},"checker name":"alibaba"}
{"level":"INFO","ts":"2024-05-14 20:55:47.635","caller":"cdn-check/manager.go:64","msg":"gomap CdnFilter 接口出现了问题,识别为不是cdn","err":{"error":"unexpected end of JSON input","kind":"*json.SyntaxError","stack":null},"checker name":"alibaba"}
{"level":"INFO","ts":"2024-05-14 20:55:47.666","caller":"cdn-check/manager.go:64","msg":"gomap CdnFilter 接口出现了问题,识别为不是cdn","err":{"error":"unexpected end of JSON input","kind":"*json.SyntaxError","stack":null},"checker name":"alibaba"}
{"level":"INFO","ts":"2024-05-14 20:55:47.698","caller":"cdn-check/manager.go:64","msg":"gomap CdnFilter 接口出现了问题,识别为不是cdn","checker name":"alibaba","err":{"error":"unexpected end of JSON input","kind":"*json.SyntaxError","stack":null}}
{"level":"INFO","ts":"2024-05-14 20:55:47.729","caller":"cdn-check/manager.go:64","msg":"gomap CdnFilter 接口出现了问题,识别为不是cdn","checker name":"alibaba","err":{"error":"unexpected end of JSON input","kind":"*json.SyntaxError","stack":null}}
{"level":"INFO","ts":"2024-05-14 20:55:47.760","caller":"cdn-check/manager.go:64","msg":"gomap CdnFilter 接口出现了问题,识别为不是cdn","err":{"error":"unexpected end of JSON input","kind":"*json.SyntaxError","stack":null},"checker name":"alibaba"}
{"level":"INFO","ts":"2024-05-14 20:55:47.791","caller":"cdn-check/manager.go:64","msg":"gomap CdnFilter 接口出现了问题,识别为不是cdn","err":{"error":"unexpected end of JSON input","kind":"*json.SyntaxError","stack":null},"checker name":"alibaba"}
{"level":"INFO","ts":"2024-05-14 20:55:47.823","caller":"cdn-check/manager.go:64","msg":"gomap CdnFilter 接口出现了问题,识别为不是cdn","err":{"error":"unexpected end of JSON input","kind":"*json.SyntaxError","stack":null},"checker name":"alibaba"}
{"level":"INFO","ts":"2024-05-14 20:55:47.853","caller":"cdn-check/manager.go:64","msg":"gomap CdnFilter 接口出现了问题,识别为不是cdn","err":{"error":"unexpected end of JSON input","kind":"*json.SyntaxError","stack":null},"checker name":"alibaba"}
{"level":"INFO","ts":"2024-05-14 20:55:47.885","caller":"cdn-check/manager.go:64","msg":"gomap CdnFilter 接口出现了问题,识别为不是cdn","err":{"error":"unexpected end of JSON input","kind":"*json.SyntaxError","stack":null},"checker name":"alibaba"}
{"level":"INFO","ts":"2024-05-14 20:55:47.916","caller":"cdn-check/manager.go:64","msg":"gomap CdnFilter 接口出现了问题,识别为不是cdn","err":{"error":"unexpected end of JSON input","kind":"*json.SyntaxError","stack":null},"checker name":"alibaba"}
{"level":"INFO","ts":"2024-05-14 20:55:47.947","caller":"cdn-check/manager.go:64","msg":"gomap CdnFilter 接口出现了问题,识别为不是cdn","err":{"error":"unexpected end of JSON input","kind":"*json.SyntaxError","stack":null},"checker name":"alibaba"}
{"level":"INFO","ts":"2024-05-14 20:55:47.979","caller":"cdn-check/manager.go:64","msg":"gomap CdnFilter 接口出现了问题,识别为不是cdn","err":{"error":"unexpected end of JSON input","kind":"*json.SyntaxError","stack":null},"checker name":"alibaba"}
{"level":"INFO","ts":"2024-05-14 20:55:48.010","caller":"cdn-check/manager.go:64","msg":"gomap CdnFilter 接口出现了问题,识别为不是cdn","err":{"error":"unexpected end of JSON input","kind":"*json.SyntaxError","stack":null},"checker name":"alibaba"}
{"level":"INFO","ts":"2024-05-14 20:55:48.040","caller":"cdn-check/manager.go:64","msg":"gomap CdnFilter 接口出现了问题,识别为不是cdn","checker name":"alibaba","err":{"error":"unexpected end of JSON input","kind":"*json.SyntaxError","stack":null}}
{"level":"INFO","ts":"2024-05-14 20:55:48.072","caller":"cdn-check/manager.go:64","msg":"gomap CdnFilter 接口出现了问题,识别为不是cdn","err":{"error":"unexpected end of JSON input","kind":"*json.SyntaxError","stack":null},"checker name":"alibaba"}
{"level":"INFO","ts":"2024-05-14 20:55:48.103","caller":"cdn-check/manager.go:64","msg":"gomap CdnFilter 接口出现了问题,识别为不是cdn","err":{"error":"unexpected end of JSON input","kind":"*json.SyntaxError","stack":null},"checker name":"alibaba"}
{"level":"INFO","ts":"2024-05-14 20:55:48.135","caller":"cdn-check/manager.go:64","msg":"gomap CdnFilter 接口出现了问题,识别为不是cdn","err":{"error":"unexpected end of JSON input","kind":"*json.SyntaxError","stack":null},"checker name":"alibaba"}
{"level":"INFO","ts":"2024-05-14 20:55:48.167","caller":"cdn-check/manager.go:64","msg":"gomap CdnFilter 接口出现了问题,识别为不是cdn","checker name":"alibaba","err":{"error":"unexpected end of JSON input","kind":"*json.SyntaxError","stack":null}}
{"level":"INFO","ts":"2024-05-14 20:55:48.199","caller":"cdn-check/manager.go:64","msg":"gomap CdnFilter 接口出现了问题,识别为不是cdn","checker name":"alibaba","err":{"error":"unexpected end of JSON input","kind":"*json.SyntaxError","stack":null}}
{"level":"INFO","ts":"2024-05-14 20:55:48.230","caller":"cdn-check/manager.go:64","msg":"gomap CdnFilter 接口出现了问题,识别为不是cdn","err":{"error":"unexpected end of JSON input","kind":"*json.SyntaxError","stack":null},"checker name":"alibaba"}
{"level":"INFO","ts":"2024-05-14 20:55:48.261","caller":"cdn-check/manager.go:64","msg":"gomap CdnFilter 接口出现了问题,识别为不是cdn","err":{"error":"unexpected end of JSON input","kind":"*json.SyntaxError","stack":null},"checker name":"alibaba"}
{"level":"INFO","ts":"2024-05-14 20:55:48.292","caller":"cdn-check/manager.go:64","msg":"gomap CdnFilter 接口出现了问题,识别为不是cdn","err":{"error":"unexpected end of JSON input","kind":"*json.SyntaxError","stack":null},"checker name":"alibaba"}
{"level":"INFO","ts":"2024-05-14 20:55:48.323","caller":"cdn-check/manager.go:64","msg":"gomap CdnFilter 接口出现了问题,识别为不是cdn","err":{"error":"unexpected end of JSON input","kind":"*json.SyntaxError","stack":null},"checker name":"alibaba"}
{"level":"INFO","ts":"2024-05-14 20:55:48.356","caller":"cdn-check/manager.go:64","msg":"gomap CdnFilter 接口出现了问题,识别为不是cdn","err":{"error":"unexpected end of JSON input","kind":"*json.SyntaxError","stack":null},"checker name":"alibaba"}
{"level":"INFO","ts":"2024-05-14 20:55:48.386","caller":"cdn-check/manager.go:64","msg":"gomap CdnFilter 接口出现了问题,识别为不是cdn","err":{"error":"unexpected end of JSON input","kind":"*json.SyntaxError","stack":null},"checker name":"alibaba"}
{"level":"INFO","ts":"2024-05-14 20:55:48.418","caller":"cdn-check/manager.go:64","msg":"gomap CdnFilter 接口出现了问题,识别为不是cdn","err":{"error":"unexpected end of JSON input","kind":"*json.SyntaxError","stack":null},"checker name":"alibaba"}
{"level":"INFO","ts":"2024-05-14 20:55:48.448","caller":"cdn-check/manager.go:64","msg":"gomap CdnFilter 接口出现了问题,识别为不是cdn","err":{"error":"unexpected end of JSON input","kind":"*json.SyntaxError","stack":null},"checker name":"alibaba"}
{"level":"INFO","ts":"2024-05-14 20:55:48.479","caller":"cdn-check/manager.go:64","msg":"gomap CdnFilter 接口出现了问题,识别为不是cdn","err":{"error":"unexpected end of JSON input","kind":"*json.SyntaxError","stack":null},"checker name":"alibaba"}
{"level":"INFO","ts":"2024-05-14 20:55:48.510","caller":"cdn-check/manager.go:64","msg":"gomap CdnFilter 接口出现了问题,识别为不是cdn","err":{"error":"unexpected end of JSON input","kind":"*json.SyntaxError","stack":null},"checker name":"alibaba"}
{"level":"INFO","ts":"2024-05-14 20:55:48.542","caller":"cdn-check/manager.go:64","msg":"gomap CdnFilter 接口出现了问题,识别为不是cdn","err":{"error":"unexpected end of JSON input","kind":"*json.SyntaxError","stack":null},"checker name":"alibaba"}
{"level":"INFO","ts":"2024-05-14 20:55:48.574","caller":"cdn-check/manager.go:64","msg":"gomap CdnFilter 接口出现了问题,识别为不是cdn","checker name":"alibaba","err":{"error":"unexpected end of JSON input","kind":"*json.SyntaxError","stack":null}}
{"level":"INFO","ts":"2024-05-14 20:55:48.605","caller":"cdn-check/manager.go:64","msg":"gomap CdnFilter 接口出现了问题,识别为不是cdn","err":{"error":"unexpected end of JSON input","kind":"*json.SyntaxError","stack":null},"checker name":"alibaba"}
{"level":"INFO","ts":"2024-05-14 20:55:48.637","caller":"cdn-check/manager.go:64","msg":"gomap CdnFilter 接口出现了问题,识别为不是cdn","err":{"error":"unexpected end of JSON input","kind":"*json.SyntaxError","stack":null},"checker name":"alibaba"}
{"level":"INFO","ts":"2024-05-14 20:55:48.669","caller":"cdn-check/manager.go:64","msg":"gomap CdnFilter 接口出现了问题,识别为不是cdn","err":{"error":"unexpected end of JSON input","kind":"*json.SyntaxError","stack":null},"checker name":"alibaba"}
{"level":"INFO","ts":"2024-05-14 20:55:48.701","caller":"cdn-check/manager.go:64","msg":"gomap CdnFilter 接口出现了问题,识别为不是cdn","checker name":"alibaba","err":{"error":"unexpected end of JSON input","kind":"*json.SyntaxError","stack":null}}
{"level":"INFO","ts":"2024-05-14 20:55:48.731","caller":"cdn-check/manager.go:64","msg":"gomap CdnFilter 接口出现了问题,识别为不是cdn","err":{"error":"unexpected end of JSON input","kind":"*json.SyntaxError","stack":null},"checker name":"alibaba"}
{"level":"INFO","ts":"2024-05-14 20:55:48.762","caller":"cdn-check/manager.go:64","msg":"gomap CdnFilter 接口出现了问题,识别为不是cdn","err":{"error":"unexpected end of JSON input","kind":"*json.SyntaxError","stack":null},"checker name":"alibaba"}
{"level":"INFO","ts":"2024-05-14 20:55:48.794","caller":"cdn-check/manager.go:64","msg":"gomap CdnFilter 接口出现了问题,识别为不是cdn","checker name":"alibaba","err":{"error":"unexpected end of JSON input","kind":"*json.SyntaxError","stack":null}}
{"level":"INFO","ts":"2024-05-14 20:55:48.826","caller":"cdn-check/manager.go:64","msg":"gomap CdnFilter 接口出现了问题,识别为不是cdn","err":{"error":"unexpected end of JSON input","kind":"*json.SyntaxError","stack":null},"checker name":"alibaba"}
{"level":"INFO","ts":"2024-05-14 20:55:48.858","caller":"cdn-check/manager.go:64","msg":"gomap CdnFilter 接口出现了问题,识别为不是cdn","err":{"error":"unexpected end of JSON input","kind":"*json.SyntaxError","stack":null},"checker name":"alibaba"}
{"level":"INFO","ts":"2024-05-14 20:55:48.889","caller":"cdn-check/manager.go:64","msg":"gomap CdnFilter 接口出现了问题,识别为不是cdn","err":{"error":"unexpected end of JSON input","kind":"*json.SyntaxError","stack":null},"checker name":"alibaba"}
{"level":"INFO","ts":"2024-05-14 20:55:48.920","caller":"cdn-check/manager.go:64","msg":"gomap CdnFilter 接口出现了问题,识别为不是cdn","err":{"error":"unexpected end of JSON input","kind":"*json.SyntaxError","stack":null},"checker name":"alibaba"}
{"level":"INFO","ts":"2024-05-14 20:55:48.951","caller":"cdn-check/manager.go:64","msg":"gomap CdnFilter 接口出现了问题,识别为不是cdn","err":{"error":"unexpected end of JSON input","kind":"*json.SyntaxError","stack":null},"checker name":"alibaba"}
{"level":"INFO","ts":"2024-05-14 20:55:48.982","caller":"cdn-check/manager.go:64","msg":"gomap CdnFilter 接口出现了问题,识别为不是cdn","err":{"error":"unexpected end of JSON input","kind":"*json.SyntaxError","stack":null},"checker name":"alibaba"}
{"level":"INFO","ts":"2024-05-14 20:55:49.012","caller":"cdn-check/manager.go:64","msg":"gomap CdnFilter 接口出现了问题,识别为不是cdn","err":{"error":"unexpected end of JSON input","kind":"*json.SyntaxError","stack":null},"checker name":"alibaba"}
{"level":"INFO","ts":"2024-05-14 20:55:49.043","caller":"cdn-check/manager.go:64","msg":"gomap CdnFilter 接口出现了问题,识别为不是cdn","err":{"error":"unexpected end of JSON input","kind":"*json.SyntaxError","stack":null},"checker name":"alibaba"}
{"level":"INFO","ts":"2024-05-14 20:55:49.074","caller":"cdn-check/manager.go:64","msg":"gomap CdnFilter 接口出现了问题,识别为不是cdn","err":{"error":"unexpected end of JSON input","kind":"*json.SyntaxError","stack":null},"checker name":"alibaba"}
{"level":"INFO","ts":"2024-05-14 20:55:49.106","caller":"cdn-check/manager.go:64","msg":"gomap CdnFilter 接口出现了问题,识别为不是cdn","checker name":"alibaba","err":{"error":"unexpected end of JSON input","kind":"*json.SyntaxError","stack":null}}
{"level":"INFO","ts":"2024-05-14 20:55:49.137","caller":"cdn-check/manager.go:64","msg":"gomap CdnFilter 接口出现了问题,识别为不是cdn","err":{"error":"unexpected end of JSON input","kind":"*json.SyntaxError","stack":null},"checker name":"alibaba"}
{"level":"INFO","ts":"2024-05-14 20:55:49.168","caller":"cdn-check/manager.go:64","msg":"gomap CdnFilter 接口出现了问题,识别为不是cdn","err":{"error":"unexpected end of JSON input","kind":"*json.SyntaxError","stack":null},"checker name":"alibaba"}
{"level":"INFO","ts":"2024-05-14 20:55:49.200","caller":"cdn-check/manager.go:64","msg":"gomap CdnFilter 接口出现了问题,识别为不是cdn","err":{"error":"unexpected end of JSON input","kind":"*json.SyntaxError","stack":null},"checker name":"alibaba"}
{"level":"INFO","ts":"2024-05-14 20:55:49.231","caller":"cdn-check/manager.go:64","msg":"gomap CdnFilter 接口出现了问题,识别为不是cdn","err":{"error":"unexpected end of JSON input","kind":"*json.SyntaxError","stack":null},"checker name":"alibaba"}
{"level":"INFO","ts":"2024-05-14 20:55:49.261","caller":"cdn-check/manager.go:64","msg":"gomap CdnFilter 接口出现了问题,识别为不是cdn","err":{"error":"unexpected end of JSON input","kind":"*json.SyntaxError","stack":null},"checker name":"alibaba"}
{"level":"INFO","ts":"2024-05-14 20:55:49.292","caller":"cdn-check/manager.go:64","msg":"gomap CdnFilter 接口出现了问题,识别为不是cdn","err":{"error":"unexpected end of JSON input","kind":"*json.SyntaxError","stack":null},"checker name":"alibaba"}
{"level":"INFO","ts":"2024-05-14 20:55:49.323","caller":"cdn-check/manager.go:64","msg":"gomap CdnFilter 接口出现了问题,识别为不是cdn","checker name":"alibaba","err":{"error":"unexpected end of JSON input","kind":"*json.SyntaxError","stack":null}}
{"level":"INFO","ts":"2024-05-14 20:55:49.353","caller":"cdn-check/manager.go:64","msg":"gomap CdnFilter 接口出现了问题,识别为不是cdn","err":{"error":"unexpected end of JSON input","kind":"*json.SyntaxError","stack":null},"checker name":"alibaba"}
{"level":"INFO","ts":"2024-05-14 20:55:49.384","caller":"cdn-check/manager.go:64","msg":"gomap CdnFilter 接口出现了问题,识别为不是cdn","err":{"error":"unexpected end of JSON input","kind":"*json.SyntaxError","stack":null},"checker name":"alibaba"}
{"level":"INFO","ts":"2024-05-14 20:55:49.416","caller":"cdn-check/manager.go:64","msg":"gomap CdnFilter 接口出现了问题,识别为不是cdn","checker name":"alibaba","err":{"error":"unexpected end of JSON input","kind":"*json.SyntaxError","stack":null}}
{"level":"INFO","ts":"2024-05-14 20:55:49.446","caller":"cdn-check/manager.go:64","msg":"gomap CdnFilter 接口出现了问题,识别为不是cdn","err":{"error":"unexpected end of JSON input","kind":"*json.SyntaxError","stack":null},"checker name":"alibaba"}
{"level":"INFO","ts":"2024-05-14 20:55:49.477","caller":"cdn-check/manager.go:64","msg":"gomap CdnFilter 接口出现了问题,识别为不是cdn","err":{"error":"unexpected end of JSON input","kind":"*json.SyntaxError","stack":null},"checker name":"alibaba"}
{"level":"INFO","ts":"2024-05-14 20:55:49.508","caller":"cdn-check/manager.go:64","msg":"gomap CdnFilter 接口出现了问题,识别为不是cdn","err":{"error":"unexpected end of JSON input","kind":"*json.SyntaxError","stack":null},"checker name":"alibaba"}
{"level":"INFO","ts":"2024-05-14 20:55:49.540","caller":"cdn-check/manager.go:64","msg":"gomap CdnFilter 接口出现了问题,识别为不是cdn","err":{"error":"unexpected end of JSON input","kind":"*json.SyntaxError","stack":null},"checker name":"alibaba"}
{"level":"INFO","ts":"2024-05-14 20:55:49.571","caller":"cdn-check/manager.go:64","msg":"gomap CdnFilter 接口出现了问题,识别为不是cdn","err":{"error":"unexpected end of JSON input","kind":"*json.SyntaxError","stack":null},"checker name":"alibaba"}
{"level":"INFO","ts":"2024-05-14 20:55:49.602","caller":"cdn-check/manager.go:64","msg":"gomap CdnFilter 接口出现了问题,识别为不是cdn","err":{"error":"unexpected end of JSON input","kind":"*json.SyntaxError","stack":null},"checker name":"alibaba"}
{"level":"INFO","ts":"2024-05-14 20:55:49.633","caller":"cdn-check/manager.go:64","msg":"gomap CdnFilter 接口出现了问题,识别为不是cdn","err":{"error":"unexpected end of JSON input","kind":"*json.SyntaxError","stack":null},"checker name":"alibaba"}
{"level":"INFO","ts":"2024-05-14 20:55:49.665","caller":"cdn-check/manager.go:64","msg":"gomap CdnFilter 接口出现了问题,识别为不是cdn","err":{"error":"unexpected end of JSON input","kind":"*json.SyntaxError","stack":null},"checker name":"alibaba"}
{"level":"INFO","ts":"2024-05-14 20:55:49.696","caller":"cdn-check/manager.go:64","msg":"gomap CdnFilter 接口出现了问题,识别为不是cdn","err":{"error":"unexpected end of JSON input","kind":"*json.SyntaxError","stack":null},"checker name":"alibaba"}
{"level":"INFO","ts":"2024-05-14 20:55:49.727","caller":"cdn-check/manager.go:64","msg":"gomap CdnFilter 接口出现了问题,识别为不是cdn","err":{"error":"unexpected end of JSON input","kind":"*json.SyntaxError","stack":null},"checker name":"alibaba"}
{"level":"INFO","ts":"2024-05-14 20:55:49.758","caller":"cdn-check/manager.go:64","msg":"gomap CdnFilter 接口出现了问题,识别为不是cdn","err":{"error":"unexpected end of JSON input","kind":"*json.SyntaxError","stack":null},"checker name":"alibaba"}
{"level":"INFO","ts":"2024-05-14 20:55:49.789","caller":"cdn-check/manager.go:64","msg":"gomap CdnFilter 接口出现了问题,识别为不是cdn","checker name":"alibaba","err":{"error":"unexpected end of JSON input","kind":"*json.SyntaxError","stack":null}}
{"level":"INFO","ts":"2024-05-14 20:55:49.820","caller":"cdn-check/manager.go:64","msg":"gomap CdnFilter 接口出现了问题,识别为不是cdn","err":{"error":"unexpected end of JSON input","kind":"*json.SyntaxError","stack":null},"checker name":"alibaba"}
{"level":"INFO","ts":"2024-05-14 20:55:49.852","caller":"cdn-check/manager.go:64","msg":"gomap CdnFilter 接口出现了问题,识别为不是cdn","checker name":"alibaba","err":{"error":"unexpected end of JSON input","kind":"*json.SyntaxError","stack":null}}
{"level":"INFO","ts":"2024-05-14 20:55:49.883","caller":"cdn-check/manager.go:64","msg":"gomap CdnFilter 接口出现了问题,识别为不是cdn","err":{"error":"unexpected end of JSON input","kind":"*json.SyntaxError","stack":null},"checker name":"alibaba"}
{"level":"INFO","ts":"2024-05-14 20:55:49.915","caller":"cdn-check/manager.go:64","msg":"gomap CdnFilter 接口出现了问题,识别为不是cdn","err":{"error":"unexpected end of JSON input","kind":"*json.SyntaxError","stack":null},"checker name":"alibaba"}
{"level":"INFO","ts":"2024-05-14 20:55:49.947","caller":"cdn-check/manager.go:64","msg":"gomap CdnFilter 接口出现了问题,识别为不是cdn","err":{"error":"unexpected end of JSON input","kind":"*json.SyntaxError","stack":null},"checker name":"alibaba"}
{"level":"INFO","ts":"2024-05-14 20:55:49.977","caller":"cdn-check/manager.go:64","msg":"gomap CdnFilter 接口出现了问题,识别为不是cdn","err":{"error":"unexpected end of JSON input","kind":"*json.SyntaxError","stack":null},"checker name":"alibaba"}
{"level":"INFO","ts":"2024-05-14 20:55:50.007","caller":"cdn-check/manager.go:64","msg":"gomap CdnFilter 接口出现了问题,识别为不是cdn","err":{"error":"unexpected end of JSON input","kind":"*json.SyntaxError","stack":null},"checker name":"alibaba"}
{"level":"INFO","ts":"2024-05-14 20:55:50.038","caller":"cdn-check/manager.go:64","msg":"gomap CdnFilter 接口出现了问题,识别为不是cdn","err":{"error":"unexpected end of JSON input","kind":"*json.SyntaxError","stack":null},"checker name":"alibaba"}
{"level":"INFO","ts":"2024-05-14 20:55:50.070","caller":"cdn-check/manager.go:64","msg":"gomap CdnFilter 接口出现了问题,识别为不是cdn","err":{"error":"unexpected end of JSON input","kind":"*json.SyntaxError","stack":null},"checker name":"alibaba"}
{"level":"INFO","ts":"2024-05-14 20:55:50.102","caller":"cdn-check/manager.go:64","msg":"gomap CdnFilter 接口出现了问题,识别为不是cdn","checker name":"alibaba","err":{"error":"unexpected end of JSON input","kind":"*json.SyntaxError","stack":null}}
{"level":"INFO","ts":"2024-05-14 20:55:50.133","caller":"cdn-check/manager.go:64","msg":"gomap CdnFilter 接口出现了问题,识别为不是cdn","checker name":"alibaba","err":{"error":"unexpected end of JSON input","kind":"*json.SyntaxError","stack":null}}
{"level":"INFO","ts":"2024-05-14 20:55:50.164","caller":"cdn-check/manager.go:64","msg":"gomap CdnFilter 接口出现了问题,识别为不是cdn","checker name":"alibaba","err":{"error":"unexpected end of JSON input","kind":"*json.SyntaxError","stack":null}}
{"level":"INFO","ts":"2024-05-14 20:55:50.196","caller":"cdn-check/manager.go:64","msg":"gomap CdnFilter 接口出现了问题,识别为不是cdn","checker name":"alibaba","err":{"error":"unexpected end of JSON input","kind":"*json.SyntaxError","stack":null}}
{"level":"INFO","ts":"2024-05-14 20:55:50.228","caller":"cdn-check/manager.go:64","msg":"gomap CdnFilter 接口出现了问题,识别为不是cdn","err":{"error":"unexpected end of JSON input","kind":"*json.SyntaxError","stack":null},"checker name":"alibaba"}
{"level":"INFO","ts":"2024-05-14 20:55:50.259","caller":"cdn-check/manager.go:64","msg":"gomap CdnFilter 接口出现了问题,识别为不是cdn","err":{"error":"unexpected end of JSON input","kind":"*json.SyntaxError","stack":null},"checker name":"alibaba"}
{"level":"INFO","ts":"2024-05-14 20:55:50.290","caller":"cdn-check/manager.go:64","msg":"gomap CdnFilter 接口出现了问题,识别为不是cdn","err":{"error":"unexpected end of JSON input","kind":"*json.SyntaxError","stack":null},"checker name":"alibaba"}
{"level":"INFO","ts":"2024-05-14 20:55:50.322","caller":"cdn-check/manager.go:64","msg":"gomap CdnFilter 接口出现了问题,识别为不是cdn","err":{"error":"unexpected end of JSON input","kind":"*json.SyntaxError","stack":null},"checker name":"alibaba"}
{"level":"INFO","ts":"2024-05-14 20:55:50.353","caller":"cdn-check/manager.go:64","msg":"gomap CdnFilter 接口出现了问题,识别为不是cdn","err":{"error":"unexpected end of JSON input","kind":"*json.SyntaxError","stack":null},"checker name":"alibaba"}
{"level":"INFO","ts":"2024-05-14 20:55:50.385","caller":"cdn-check/manager.go:64","msg":"gomap CdnFilter 接口出现了问题,识别为不是cdn","err":{"error":"unexpected end of JSON input","kind":"*json.SyntaxError","stack":null},"checker name":"alibaba"}
{"level":"INFO","ts":"2024-05-14 20:55:50.416","caller":"cdn-check/manager.go:64","msg":"gomap CdnFilter 接口出现了问题,识别为不是cdn","checker name":"alibaba","err":{"error":"unexpected end of JSON input","kind":"*json.SyntaxError","stack":null}}
{"level":"INFO","ts":"2024-05-14 20:55:50.447","caller":"cdn-check/manager.go:64","msg":"gomap CdnFilter 接口出现了问题,识别为不是cdn","err":{"error":"unexpected end of JSON input","kind":"*json.SyntaxError","stack":null},"checker name":"alibaba"}
{"level":"INFO","ts":"2024-05-14 20:55:50.478","caller":"cdn-check/manager.go:64","msg":"gomap CdnFilter 接口出现了问题,识别为不是cdn","err":{"error":"unexpected end of JSON input","kind":"*json.SyntaxError","stack":null},"checker name":"alibaba"}
{"level":"INFO","ts":"2024-05-14 20:55:50.510","caller":"cdn-check/manager.go:64","msg":"gomap CdnFilter 接口出现了问题,识别为不是cdn","err":{"error":"unexpected end of JSON input","kind":"*json.SyntaxError","stack":null},"checker name":"alibaba"}
{"level":"INFO","ts":"2024-05-14 20:55:50.540","caller":"cdn-check/manager.go:64","msg":"gomap CdnFilter 接口出现了问题,识别为不是cdn","checker name":"alibaba","err":{"error":"unexpected end of JSON input","kind":"*json.SyntaxError","stack":null}}
{"level":"INFO","ts":"2024-05-14 20:55:50.572","caller":"cdn-check/manager.go:64","msg":"gomap CdnFilter 接口出现了问题,识别为不是cdn","err":{"error":"unexpected end of JSON input","kind":"*json.SyntaxError","stack":null},"checker name":"alibaba"}
{"level":"INFO","ts":"2024-05-14 20:55:50.602","caller":"cdn-check/manager.go:64","msg":"gomap CdnFilter 接口出现了问题,识别为不是cdn","checker name":"alibaba","err":{"error":"unexpected end of JSON input","kind":"*json.SyntaxError","stack":null}}
{"level":"INFO","ts":"2024-05-14 20:55:50.633","caller":"cdn-check/manager.go:64","msg":"gomap CdnFilter 接口出现了问题,识别为不是cdn","err":{"error":"unexpected end of JSON input","kind":"*json.SyntaxError","stack":null},"checker name":"alibaba"}
{"level":"INFO","ts":"2024-05-14 20:55:50.663","caller":"cdn-check/manager.go:64","msg":"gomap CdnFilter 接口出现了问题,识别为不是cdn","err":{"error":"unexpected end of JSON input","kind":"*json.SyntaxError","stack":null},"checker name":"alibaba"}
{"level":"INFO","ts":"2024-05-14 20:55:50.695","caller":"cdn-check/manager.go:64","msg":"gomap CdnFilter 接口出现了问题,识别为不是cdn","err":{"error":"unexpected end of JSON input","kind":"*json.SyntaxError","stack":null},"checker name":"alibaba"}
{"level":"INFO","ts":"2024-05-14 20:55:50.726","caller":"cdn-check/manager.go:64","msg":"gomap CdnFilter 接口出现了问题,识别为不是cdn","err":{"error":"unexpected end of JSON input","kind":"*json.SyntaxError","stack":null},"checker name":"alibaba"}
{"level":"INFO","ts":"2024-05-14 20:55:50.756","caller":"cdn-check/manager.go:64","msg":"gomap CdnFilter 接口出现了问题,识别为不是cdn","err":{"error":"unexpected end of JSON input","kind":"*json.SyntaxError","stack":null},"checker name":"alibaba"}
{"level":"INFO","ts":"2024-05-14 20:55:50.787","caller":"cdn-check/manager.go:64","msg":"gomap CdnFilter 接口出现了问题,识别为不是cdn","err":{"error":"unexpected end of JSON input","kind":"*json.SyntaxError","stack":null},"checker name":"alibaba"}
{"level":"INFO","ts":"2024-05-14 20:55:50.819","caller":"cdn-check/manager.go:64","msg":"gomap CdnFilter 接口出现了问题,识别为不是cdn","checker name":"alibaba","err":{"error":"unexpected end of JSON input","kind":"*json.SyntaxError","stack":null}}
{"level":"INFO","ts":"2024-05-14 20:55:50.849","caller":"cdn-check/manager.go:64","msg":"gomap CdnFilter 接口出现了问题,识别为不是cdn","err":{"error":"unexpected end of JSON input","kind":"*json.SyntaxError","stack":null},"checker name":"alibaba"}
{"level":"INFO","ts":"2024-05-14 20:55:50.881","caller":"cdn-check/manager.go:64","msg":"gomap CdnFilter 接口出现了问题,识别为不是cdn","err":{"error":"unexpected end of JSON input","kind":"*json.SyntaxError","stack":null},"checker name":"alibaba"}
{"level":"INFO","ts":"2024-05-14 20:55:50.912","caller":"cdn-check/manager.go:64","msg":"gomap CdnFilter 接口出现了问题,识别为不是cdn","err":{"error":"unexpected end of JSON input","kind":"*json.SyntaxError","stack":null},"checker name":"alibaba"}
{"level":"INFO","ts":"2024-05-14 20:55:50.942","caller":"cdn-check/manager.go:64","msg":"gomap CdnFilter 接口出现了问题,识别为不是cdn","err":{"error":"unexpected end of JSON input","kind":"*json.SyntaxError","stack":null},"checker name":"alibaba"}
{"level":"INFO","ts":"2024-05-14 20:55:50.973","caller":"cdn-check/manager.go:64","msg":"gomap CdnFilter 接口出现了问题,识别为不是cdn","err":{"error":"unexpected end of JSON input","kind":"*json.SyntaxError","stack":null},"checker name":"alibaba"}
{"level":"INFO","ts":"2024-05-14 20:55:51.005","caller":"cdn-check/manager.go:64","msg":"gomap CdnFilter 接口出现了问题,识别为不是cdn","checker name":"alibaba","err":{"error":"unexpected end of JSON input","kind":"*json.SyntaxError","stack":null}}
{"level":"INFO","ts":"2024-05-14 20:55:51.036","caller":"cdn-check/manager.go:64","msg":"gomap CdnFilter 接口出现了问题,识别为不是cdn","err":{"error":"unexpected end of JSON input","kind":"*json.SyntaxError","stack":null},"checker name":"alibaba"}
{"level":"INFO","ts":"2024-05-14 20:55:51.067","caller":"cdn-check/manager.go:64","msg":"gomap CdnFilter 接口出现了问题,识别为不是cdn","err":{"error":"unexpected end of JSON input","kind":"*json.SyntaxError","stack":null},"checker name":"alibaba"}
{"level":"INFO","ts":"2024-05-14 20:55:51.098","caller":"cdn-check/manager.go:64","msg":"gomap CdnFilter 接口出现了问题,识别为不是cdn","err":{"error":"unexpected end of JSON input","kind":"*json.SyntaxError","stack":null},"checker name":"alibaba"}
{"level":"INFO","ts":"2024-05-14 20:55:51.128","caller":"cdn-check/manager.go:64","msg":"gomap CdnFilter 接口出现了问题,识别为不是cdn","err":{"error":"unexpected end of JSON input","kind":"*json.SyntaxError","stack":null},"checker name":"alibaba"}
{"level":"INFO","ts":"2024-05-14 20:55:51.160","caller":"cdn-check/manager.go:64","msg":"gomap CdnFilter 接口出现了问题,识别为不是cdn","checker name":"alibaba","err":{"error":"unexpected end of JSON input","kind":"*json.SyntaxError","stack":null}}
{"level":"INFO","ts":"2024-05-14 20:55:51.192","caller":"cdn-check/manager.go:64","msg":"gomap CdnFilter 接口出现了问题,识别为不是cdn","err":{"error":"unexpected end of JSON input","kind":"*json.SyntaxError","stack":null},"checker name":"alibaba"}
{"level":"INFO","ts":"2024-05-14 20:55:51.223","caller":"cdn-check/manager.go:64","msg":"gomap CdnFilter 接口出现了问题,识别为不是cdn","err":{"error":"unexpected end of JSON input","kind":"*json.SyntaxError","stack":null},"checker name":"alibaba"}
{"level":"INFO","ts":"2024-05-14 20:55:51.255","caller":"cdn-check/manager.go:64","msg":"gomap CdnFilter 接口出现了问题,识别为不是cdn","err":{"error":"unexpected end of JSON input","kind":"*json.SyntaxError","stack":null},"checker name":"alibaba"}
{"level":"INFO","ts":"2024-05-14 20:55:51.286","caller":"cdn-check/manager.go:64","msg":"gomap CdnFilter 接口出现了问题,识别为不是cdn","err":{"error":"unexpected end of JSON input","kind":"*json.SyntaxError","stack":null},"checker name":"alibaba"}
{"level":"INFO","ts":"2024-05-14 20:55:51.317","caller":"cdn-check/manager.go:64","msg":"gomap CdnFilter 接口出现了问题,识别为不是cdn","err":{"error":"unexpected end of JSON input","kind":"*json.SyntaxError","stack":null},"checker name":"alibaba"}
{"level":"INFO","ts":"2024-05-14 20:55:51.347","caller":"cdn-check/manager.go:64","msg":"gomap CdnFilter 接口出现了问题,识别为不是cdn","err":{"error":"unexpected end of JSON input","kind":"*json.SyntaxError","stack":null},"checker name":"alibaba"}
{"level":"INFO","ts":"2024-05-14 20:55:51.378","caller":"cdn-check/manager.go:64","msg":"gomap CdnFilter 接口出现了问题,识别为不是cdn","err":{"error":"unexpected end of JSON input","kind":"*json.SyntaxError","stack":null},"checker name":"alibaba"}
{"level":"INFO","ts":"2024-05-14 20:55:51.410","caller":"cdn-check/manager.go:64","msg":"gomap CdnFilter 接口出现了问题,识别为不是cdn","err":{"error":"unexpected end of JSON input","kind":"*json.SyntaxError","stack":null},"checker name":"alibaba"}
{"level":"INFO","ts":"2024-05-14 20:55:51.442","caller":"cdn-check/manager.go:64","msg":"gomap CdnFilter 接口出现了问题,识别为不是cdn","err":{"error":"unexpected end of JSON input","kind":"*json.SyntaxError","stack":null},"checker name":"alibaba"}
{"level":"INFO","ts":"2024-05-14 20:55:51.473","caller":"cdn-check/manager.go:64","msg":"gomap CdnFilter 接口出现了问题,识别为不是cdn","err":{"error":"unexpected end of JSON input","kind":"*json.SyntaxError","stack":null},"checker name":"alibaba"}
{"level":"INFO","ts":"2024-05-14 20:55:51.504","caller":"cdn-check/manager.go:64","msg":"gomap CdnFilter 接口出现了问题,识别为不是cdn","err":{"error":"unexpected end of JSON input","kind":"*json.SyntaxError","stack":null},"checker name":"alibaba"}
{"level":"INFO","ts":"2024-05-14 20:55:51.534","caller":"cdn-check/manager.go:64","msg":"gomap CdnFilter 接口出现了问题,识别为不是cdn","err":{"error":"unexpected end of JSON input","kind":"*json.SyntaxError","stack":null},"checker name":"alibaba"}
{"level":"INFO","ts":"2024-05-14 20:55:51.566","caller":"cdn-check/manager.go:64","msg":"gomap CdnFilter 接口出现了问题,识别为不是cdn","err":{"error":"unexpected end of JSON input","kind":"*json.SyntaxError","stack":null},"checker name":"alibaba"}
{"level":"INFO","ts":"2024-05-14 20:55:51.597","caller":"cdn-check/manager.go:64","msg":"gomap CdnFilter 接口出现了问题,识别为不是cdn","err":{"error":"unexpected end of JSON input","kind":"*json.SyntaxError","stack":null},"checker name":"alibaba"}
{"level":"INFO","ts":"2024-05-14 20:55:51.628","caller":"cdn-check/manager.go:64","msg":"gomap CdnFilter 接口出现了问题,识别为不是cdn","err":{"error":"unexpected end of JSON input","kind":"*json.SyntaxError","stack":null},"checker name":"alibaba"}
{"level":"INFO","ts":"2024-05-14 20:55:51.659","caller":"cdn-check/manager.go:64","msg":"gomap CdnFilter 接口出现了问题,识别为不是cdn","checker name":"alibaba","err":{"error":"unexpected end of JSON input","kind":"*json.SyntaxError","stack":null}}
{"level":"INFO","ts":"2024-05-14 20:55:51.691","caller":"cdn-check/manager.go:64","msg":"gomap CdnFilter 接口出现了问题,识别为不是cdn","err":{"error":"unexpected end of JSON input","kind":"*json.SyntaxError","stack":null},"checker name":"alibaba"}
{"level":"INFO","ts":"2024-05-14 20:55:51.722","caller":"cdn-check/manager.go:64","msg":"gomap CdnFilter 接口出现了问题,识别为不是cdn","checker name":"alibaba","err":{"error":"unexpected end of JSON input","kind":"*json.SyntaxError","stack":null}}
{"level":"INFO","ts":"2024-05-14 20:55:51.753","caller":"cdn-check/manager.go:64","msg":"gomap CdnFilter 接口出现了问题,识别为不是cdn","err":{"error":"unexpected end of JSON input","kind":"*json.SyntaxError","stack":null},"checker name":"alibaba"}
{"level":"INFO","ts":"2024-05-14 20:55:51.783","caller":"cdn-check/manager.go:64","msg":"gomap CdnFilter 接口出现了问题,识别为不是cdn","err":{"error":"unexpected end of JSON input","kind":"*json.SyntaxError","stack":null},"checker name":"alibaba"}
{"level":"INFO","ts":"2024-05-14 20:55:51.814","caller":"cdn-check/manager.go:64","msg":"gomap CdnFilter 接口出现了问题,识别为不是cdn","err":{"error":"unexpected end of JSON input","kind":"*json.SyntaxError","stack":null},"checker name":"alibaba"}
{"level":"INFO","ts":"2024-05-14 20:55:51.844","caller":"cdn-check/manager.go:64","msg":"gomap CdnFilter 接口出现了问题,识别为不是cdn","err":{"error":"unexpected end of JSON input","kind":"*json.SyntaxError","stack":null},"checker name":"alibaba"}
{"level":"INFO","ts":"2024-05-14 20:55:51.875","caller":"cdn-check/manager.go:64","msg":"gomap CdnFilter 接口出现了问题,识别为不是cdn","checker name":"alibaba","err":{"error":"unexpected end of JSON input","kind":"*json.SyntaxError","stack":null}}
{"level":"INFO","ts":"2024-05-14 20:55:51.906","caller":"cdn-check/manager.go:64","msg":"gomap CdnFilter 接口出现了问题,识别为不是cdn","err":{"error":"unexpected end of JSON input","kind":"*json.SyntaxError","stack":null},"checker name":"alibaba"}
{"level":"INFO","ts":"2024-05-14 20:55:51.938","caller":"cdn-check/manager.go:64","msg":"gomap CdnFilter 接口出现了问题,识别为不是cdn","err":{"error":"unexpected end of JSON input","kind":"*json.SyntaxError","stack":null},"checker name":"alibaba"}
{"level":"INFO","ts":"2024-05-14 20:55:51.969","caller":"cdn-check/manager.go:64","msg":"gomap CdnFilter 接口出现了问题,识别为不是cdn","err":{"error":"unexpected end of JSON input","kind":"*json.SyntaxError","stack":null},"checker name":"alibaba"}
{"level":"INFO","ts":"2024-05-14 20:55:52.000","caller":"cdn-check/manager.go:64","msg":"gomap CdnFilter 接口出现了问题,识别为不是cdn","err":{"error":"unexpected end of JSON input","kind":"*json.SyntaxError","stack":null},"checker name":"alibaba"}
{"level":"INFO","ts":"2024-05-14 20:55:52.031","caller":"cdn-check/manager.go:64","msg":"gomap CdnFilter 接口出现了问题,识别为不是cdn","err":{"error":"unexpected end of JSON input","kind":"*json.SyntaxError","stack":null},"checker name":"alibaba"}
{"level":"INFO","ts":"2024-05-14 20:55:52.062","caller":"cdn-check/manager.go:64","msg":"gomap CdnFilter 接口出现了问题,识别为不是cdn","checker name":"alibaba","err":{"error":"unexpected end of JSON input","kind":"*json.SyntaxError","stack":null}}
{"level":"INFO","ts":"2024-05-14 20:55:52.094","caller":"cdn-check/manager.go:64","msg":"gomap CdnFilter 接口出现了问题,识别为不是cdn","err":{"error":"unexpected end of JSON input","kind":"*json.SyntaxError","stack":null},"checker name":"alibaba"}
{"level":"INFO","ts":"2024-05-14 20:55:52.124","caller":"cdn-check/manager.go:64","msg":"gomap CdnFilter 接口出现了问题,识别为不是cdn","err":{"error":"unexpected end of JSON input","kind":"*json.SyntaxError","stack":null},"checker name":"alibaba"}
{"level":"INFO","ts":"2024-05-14 20:55:52.156","caller":"cdn-check/manager.go:64","msg":"gomap CdnFilter 接口出现了问题,识别为不是cdn","err":{"error":"unexpected end of JSON input","kind":"*json.SyntaxError","stack":null},"checker name":"alibaba"}
{"level":"INFO","ts":"2024-05-14 20:55:52.188","caller":"cdn-check/manager.go:64","msg":"gomap CdnFilter 接口出现了问题,识别为不是cdn","checker name":"alibaba","err":{"error":"unexpected end of JSON input","kind":"*json.SyntaxError","stack":null}}
{"level":"INFO","ts":"2024-05-14 20:55:52.219","caller":"cdn-check/manager.go:64","msg":"gomap CdnFilter 接口出现了问题,识别为不是cdn","checker name":"alibaba","err":{"error":"unexpected end of JSON input","kind":"*json.SyntaxError","stack":null}}
{"level":"INFO","ts":"2024-05-14 20:55:52.251","caller":"cdn-check/manager.go:64","msg":"gomap CdnFilter 接口出现了问题,识别为不是cdn","err":{"error":"unexpected end of JSON input","kind":"*json.SyntaxError","stack":null},"checker name":"alibaba"}
{"level":"INFO","ts":"2024-05-14 20:55:52.282","caller":"cdn-check/manager.go:64","msg":"gomap CdnFilter 接口出现了问题,识别为不是cdn","err":{"error":"unexpected end of JSON input","kind":"*json.SyntaxError","stack":null},"checker name":"alibaba"}
{"level":"INFO","ts":"2024-05-14 20:55:52.313","caller":"cdn-check/manager.go:64","msg":"gomap CdnFilter 接口出现了问题,识别为不是cdn","err":{"error":"unexpected end of JSON input","kind":"*json.SyntaxError","stack":null},"checker name":"alibaba"}
{"level":"INFO","ts":"2024-05-14 20:55:52.343","caller":"cdn-check/manager.go:64","msg":"gomap CdnFilter 接口出现了问题,识别为不是cdn","err":{"error":"unexpected end of JSON input","kind":"*json.SyntaxError","stack":null},"checker name":"alibaba"}
{"level":"INFO","ts":"2024-05-14 20:55:52.375","caller":"cdn-check/manager.go:64","msg":"gomap CdnFilter 接口出现了问题,识别为不是cdn","err":{"error":"unexpected end of JSON input","kind":"*json.SyntaxError","stack":null},"checker name":"alibaba"}
{"level":"INFO","ts":"2024-05-14 20:55:52.407","caller":"cdn-check/manager.go:64","msg":"gomap CdnFilter 接口出现了问题,识别为不是cdn","err":{"error":"unexpected end of JSON input","kind":"*json.SyntaxError","stack":null},"checker name":"alibaba"}
{"level":"INFO","ts":"2024-05-14 20:55:52.438","caller":"cdn-check/manager.go:64","msg":"gomap CdnFilter 接口出现了问题,识别为不是cdn","err":{"error":"unexpected end of JSON input","kind":"*json.SyntaxError","stack":null},"checker name":"alibaba"}
{"level":"INFO","ts":"2024-05-14 20:55:52.469","caller":"cdn-check/manager.go:64","msg":"gomap CdnFilter 接口出现了问题,识别为不是cdn","checker name":"alibaba","err":{"error":"unexpected end of JSON input","kind":"*json.SyntaxError","stack":null}}
{"level":"INFO","ts":"2024-05-14 20:55:52.501","caller":"cdn-check/manager.go:64","msg":"gomap CdnFilter 接口出现了问题,识别为不是cdn","err":{"error":"unexpected end of JSON input","kind":"*json.SyntaxError","stack":null},"checker name":"alibaba"}
{"level":"INFO","ts":"2024-05-14 20:55:52.532","caller":"cdn-check/manager.go:64","msg":"gomap CdnFilter 接口出现了问题,识别为不是cdn","err":{"error":"unexpected end of JSON input","kind":"*json.SyntaxError","stack":null},"checker name":"alibaba"}
{"level":"INFO","ts":"2024-05-14 20:55:52.564","caller":"cdn-check/manager.go:64","msg":"gomap CdnFilter 接口出现了问题,识别为不是cdn","err":{"error":"unexpected end of JSON input","kind":"*json.SyntaxError","stack":null},"checker name":"alibaba"}
{"level":"INFO","ts":"2024-05-14 20:55:52.594","caller":"cdn-check/manager.go:64","msg":"gomap CdnFilter 接口出现了问题,识别为不是cdn","err":{"error":"unexpected end of JSON input","kind":"*json.SyntaxError","stack":null},"checker name":"alibaba"}
{"level":"INFO","ts":"2024-05-14 20:55:52.626","caller":"cdn-check/manager.go:64","msg":"gomap CdnFilter 接口出现了问题,识别为不是cdn","err":{"error":"unexpected end of JSON input","kind":"*json.SyntaxError","stack":null},"checker name":"alibaba"}
{"level":"INFO","ts":"2024-05-14 20:55:52.657","caller":"cdn-check/manager.go:64","msg":"gomap CdnFilter 接口出现了问题,识别为不是cdn","checker name":"alibaba","err":{"error":"unexpected end of JSON input","kind":"*json.SyntaxError","stack":null}}
{"level":"INFO","ts":"2024-05-14 20:55:52.688","caller":"cdn-check/manager.go:64","msg":"gomap CdnFilter 接口出现了问题,识别为不是cdn","checker name":"alibaba","err":{"error":"unexpected end of JSON input","kind":"*json.SyntaxError","stack":null}}
{"level":"INFO","ts":"2024-05-14 20:55:52.719","caller":"cdn-check/manager.go:64","msg":"gomap CdnFilter 接口出现了问题,识别为不是cdn","err":{"error":"unexpected end of JSON input","kind":"*json.SyntaxError","stack":null},"checker name":"alibaba"}
{"level":"INFO","ts":"2024-05-14 20:55:52.750","caller":"cdn-check/manager.go:64","msg":"gomap CdnFilter 接口出现了问题,识别为不是cdn","err":{"error":"unexpected end of JSON input","kind":"*json.SyntaxError","stack":null},"checker name":"alibaba"}
{"level":"INFO","ts":"2024-05-14 20:55:52.782","caller":"cdn-check/manager.go:64","msg":"gomap CdnFilter 接口出现了问题,识别为不是cdn","err":{"error":"unexpected end of JSON input","kind":"*json.SyntaxError","stack":null},"checker name":"alibaba"}
{"level":"INFO","ts":"2024-05-14 20:55:52.814","caller":"cdn-check/manager.go:64","msg":"gomap CdnFilter 接口出现了问题,识别为不是cdn","err":{"error":"unexpected end of JSON input","kind":"*json.SyntaxError","stack":null},"checker name":"alibaba"}
{"level":"INFO","ts":"2024-05-14 20:55:52.845","caller":"cdn-check/manager.go:64","msg":"gomap CdnFilter 接口出现了问题,识别为不是cdn","err":{"error":"unexpected end of JSON input","kind":"*json.SyntaxError","stack":null},"checker name":"alibaba"}
{"level":"INFO","ts":"2024-05-14 20:55:52.876","caller":"cdn-check/manager.go:64","msg":"gomap CdnFilter 接口出现了问题,识别为不是cdn","err":{"error":"unexpected end of JSON input","kind":"*json.SyntaxError","stack":null},"checker name":"alibaba"}
{"level":"INFO","ts":"2024-05-14 20:55:52.907","caller":"cdn-check/manager.go:64","msg":"gomap CdnFilter 接口出现了问题,识别为不是cdn","err":{"error":"unexpected end of JSON input","kind":"*json.SyntaxError","stack":null},"checker name":"alibaba"}
{"level":"INFO","ts":"2024-05-14 20:55:52.938","caller":"cdn-check/manager.go:64","msg":"gomap CdnFilter 接口出现了问题,识别为不是cdn","checker name":"alibaba","err":{"error":"unexpected end of JSON input","kind":"*json.SyntaxError","stack":null}}
{"level":"INFO","ts":"2024-05-14 20:55:52.968","caller":"cdn-check/manager.go:64","msg":"gomap CdnFilter 接口出现了问题,识别为不是cdn","checker name":"alibaba","err":{"error":"unexpected end of JSON input","kind":"*json.SyntaxError","stack":null}}
{"level":"INFO","ts":"2024-05-14 20:55:52.999","caller":"cdn-check/manager.go:64","msg":"gomap CdnFilter 接口出现了问题,识别为不是cdn","err":{"error":"unexpected end of JSON input","kind":"*json.SyntaxError","stack":null},"checker name":"alibaba"}
{"level":"INFO","ts":"2024-05-14 20:55:53.030","caller":"cdn-check/manager.go:64","msg":"gomap CdnFilter 接口出现了问题,识别为不是cdn","err":{"error":"unexpected end of JSON input","kind":"*json.SyntaxError","stack":null},"checker name":"alibaba"}
{"level":"INFO","ts":"2024-05-14 20:55:53.060","caller":"cdn-check/manager.go:64","msg":"gomap CdnFilter 接口出现了问题,识别为不是cdn","err":{"error":"unexpected end of JSON input","kind":"*json.SyntaxError","stack":null},"checker name":"alibaba"}
{"level":"INFO","ts":"2024-05-14 20:55:53.091","caller":"cdn-check/manager.go:64","msg":"gomap CdnFilter 接口出现了问题,识别为不是cdn","err":{"error":"unexpected end of JSON input","kind":"*json.SyntaxError","stack":null},"checker name":"alibaba"}
{"level":"INFO","ts":"2024-05-14 20:55:53.123","caller":"cdn-check/manager.go:64","msg":"gomap CdnFilter 接口出现了问题,识别为不是cdn","checker name":"alibaba","err":{"error":"unexpected end of JSON input","kind":"*json.SyntaxError","stack":null}}
{"level":"INFO","ts":"2024-05-14 20:55:53.154","caller":"cdn-check/manager.go:64","msg":"gomap CdnFilter 接口出现了问题,识别为不是cdn","err":{"error":"unexpected end of JSON input","kind":"*json.SyntaxError","stack":null},"checker name":"alibaba"}
{"level":"INFO","ts":"2024-05-14 20:55:53.186","caller":"cdn-check/manager.go:64","msg":"gomap CdnFilter 接口出现了问题,识别为不是cdn","err":{"error":"unexpected end of JSON input","kind":"*json.SyntaxError","stack":null},"checker name":"alibaba"}
{"level":"INFO","ts":"2024-05-14 20:55:53.217","caller":"cdn-check/manager.go:64","msg":"gomap CdnFilter 接口出现了问题,识别为不是cdn","err":{"error":"unexpected end of JSON input","kind":"*json.SyntaxError","stack":null},"checker name":"alibaba"}
{"level":"INFO","ts":"2024-05-14 20:55:53.247","caller":"cdn-check/manager.go:64","msg":"gomap CdnFilter 接口出现了问题,识别为不是cdn","err":{"error":"unexpected end of JSON input","kind":"*json.SyntaxError","stack":null},"checker name":"alibaba"}
{"level":"INFO","ts":"2024-05-14 20:55:53.279","caller":"cdn-check/manager.go:64","msg":"gomap CdnFilter 接口出现了问题,识别为不是cdn","err":{"error":"unexpected end of JSON input","kind":"*json.SyntaxError","stack":null},"checker name":"alibaba"}
{"level":"INFO","ts":"2024-05-14 20:55:53.310","caller":"cdn-check/manager.go:64","msg":"gomap CdnFilter 接口出现了问题,识别为不是cdn","err":{"error":"unexpected end of JSON input","kind":"*json.SyntaxError","stack":null},"checker name":"alibaba"}
{"level":"INFO","ts":"2024-05-14 20:55:53.342","caller":"cdn-check/manager.go:64","msg":"gomap CdnFilter 接口出现了问题,识别为不是cdn","err":{"error":"unexpected end of JSON input","kind":"*json.SyntaxError","stack":null},"checker name":"alibaba"}
{"level":"INFO","ts":"2024-05-14 20:55:53.374","caller":"cdn-check/manager.go:64","msg":"gomap CdnFilter 接口出现了问题,识别为不是cdn","err":{"error":"unexpected end of JSON input","kind":"*json.SyntaxError","stack":null},"checker name":"alibaba"}
{"level":"INFO","ts":"2024-05-14 20:55:53.406","caller":"cdn-check/manager.go:64","msg":"gomap CdnFilter 接口出现了问题,识别为不是cdn","err":{"error":"unexpected end of JSON input","kind":"*json.SyntaxError","stack":null},"checker name":"alibaba"}
{"level":"INFO","ts":"2024-05-14 20:55:53.437","caller":"cdn-check/manager.go:64","msg":"gomap CdnFilter 接口出现了问题,识别为不是cdn","err":{"error":"unexpected end of JSON input","kind":"*json.SyntaxError","stack":null},"checker name":"alibaba"}
{"level":"INFO","ts":"2024-05-14 20:55:53.468","caller":"cdn-check/manager.go:64","msg":"gomap CdnFilter 接口出现了问题,识别为不是cdn","checker name":"alibaba","err":{"error":"unexpected end of JSON input","kind":"*json.SyntaxError","stack":null}}
{"level":"INFO","ts":"2024-05-14 20:55:53.499","caller":"cdn-check/manager.go:64","msg":"gomap CdnFilter 接口出现了问题,识别为不是cdn","err":{"error":"unexpected end of JSON input","kind":"*json.SyntaxError","stack":null},"checker name":"alibaba"}
{"level":"INFO","ts":"2024-05-14 20:55:53.530","caller":"cdn-check/manager.go:64","msg":"gomap CdnFilter 接口出现了问题,识别为不是cdn","err":{"error":"unexpected end of JSON input","kind":"*json.SyntaxError","stack":null},"checker name":"alibaba"}
{"level":"INFO","ts":"2024-05-14 20:55:53.562","caller":"cdn-check/manager.go:64","msg":"gomap CdnFilter 接口出现了问题,识别为不是cdn","checker name":"alibaba","err":{"error":"unexpected end of JSON input","kind":"*json.SyntaxError","stack":null}}
{"level":"INFO","ts":"2024-05-14 20:55:53.593","caller":"cdn-check/manager.go:64","msg":"gomap CdnFilter 接口出现了问题,识别为不是cdn","err":{"error":"unexpected end of JSON input","kind":"*json.SyntaxError","stack":null},"checker name":"alibaba"}
{"level":"INFO","ts":"2024-05-14 20:55:53.625","caller":"cdn-check/manager.go:64","msg":"gomap CdnFilter 接口出现了问题,识别为不是cdn","err":{"error":"unexpected end of JSON input","kind":"*json.SyntaxError","stack":null},"checker name":"alibaba"}
{"level":"INFO","ts":"2024-05-14 20:55:53.655","caller":"cdn-check/manager.go:64","msg":"gomap CdnFilter 接口出现了问题,识别为不是cdn","err":{"error":"unexpected end of JSON input","kind":"*json.SyntaxError","stack":null},"checker name":"alibaba"}
{"level":"INFO","ts":"2024-05-14 20:55:53.686","caller":"cdn-check/manager.go:64","msg":"gomap CdnFilter 接口出现了问题,识别为不是cdn","err":{"error":"unexpected end of JSON input","kind":"*json.SyntaxError","stack":null},"checker name":"alibaba"}
{"level":"INFO","ts":"2024-05-14 20:55:53.718","caller":"cdn-check/manager.go:64","msg":"gomap CdnFilter 接口出现了问题,识别为不是cdn","checker name":"alibaba","err":{"error":"unexpected end of JSON input","kind":"*json.SyntaxError","stack":null}}
{"level":"INFO","ts":"2024-05-14 20:55:53.748","caller":"cdn-check/manager.go:64","msg":"gomap CdnFilter 接口出现了问题,识别为不是cdn","checker name":"alibaba","err":{"error":"unexpected end of JSON input","kind":"*json.SyntaxError","stack":null}}
{"level":"INFO","ts":"2024-05-14 20:55:53.780","caller":"cdn-check/manager.go:64","msg":"gomap CdnFilter 接口出现了问题,识别为不是cdn","err":{"error":"unexpected end of JSON input","kind":"*json.SyntaxError","stack":null},"checker name":"alibaba"}
{"level":"INFO","ts":"2024-05-14 20:55:53.810","caller":"cdn-check/manager.go:64","msg":"gomap CdnFilter 接口出现了问题,识别为不是cdn","err":{"error":"unexpected end of JSON input","kind":"*json.SyntaxError","stack":null},"checker name":"alibaba"}
{"level":"INFO","ts":"2024-05-14 20:55:53.842","caller":"cdn-check/manager.go:64","msg":"gomap CdnFilter 接口出现了问题,识别为不是cdn","err":{"error":"unexpected end of JSON input","kind":"*json.SyntaxError","stack":null},"checker name":"alibaba"}
{"level":"INFO","ts":"2024-05-14 20:55:53.872","caller":"cdn-check/manager.go:64","msg":"gomap CdnFilter 接口出现了问题,识别为不是cdn","err":{"error":"unexpected end of JSON input","kind":"*json.SyntaxError","stack":null},"checker name":"alibaba"}
{"level":"INFO","ts":"2024-05-14 20:55:53.904","caller":"cdn-check/manager.go:64","msg":"gomap CdnFilter 接口出现了问题,识别为不是cdn","err":{"error":"unexpected end of JSON input","kind":"*json.SyntaxError","stack":null},"checker name":"alibaba"}
{"level":"INFO","ts":"2024-05-14 20:55:53.935","caller":"cdn-check/manager.go:64","msg":"gomap CdnFilter 接口出现了问题,识别为不是cdn","checker name":"alibaba","err":{"error":"unexpected end of JSON input","kind":"*json.SyntaxError","stack":null}}
{"level":"INFO","ts":"2024-05-14 20:55:53.966","caller":"cdn-check/manager.go:64","msg":"gomap CdnFilter 接口出现了问题,识别为不是cdn","err":{"error":"unexpected end of JSON input","kind":"*json.SyntaxError","stack":null},"checker name":"alibaba"}
{"level":"INFO","ts":"2024-05-14 20:55:53.998","caller":"cdn-check/manager.go:64","msg":"gomap CdnFilter 接口出现了问题,识别为不是cdn","err":{"error":"unexpected end of JSON input","kind":"*json.SyntaxError","stack":null},"checker name":"alibaba"}
{"level":"INFO","ts":"2024-05-14 20:55:54.029","caller":"cdn-check/manager.go:64","msg":"gomap CdnFilter 接口出现了问题,识别为不是cdn","err":{"error":"unexpected end of JSON input","kind":"*json.SyntaxError","stack":null},"checker name":"alibaba"}
{"level":"INFO","ts":"2024-05-14 20:55:54.060","caller":"cdn-check/manager.go:64","msg":"gomap CdnFilter 接口出现了问题,识别为不是cdn","err":{"error":"unexpected end of JSON input","kind":"*json.SyntaxError","stack":null},"checker name":"alibaba"}
{"level":"INFO","ts":"2024-05-14 20:55:54.092","caller":"cdn-check/manager.go:64","msg":"gomap CdnFilter 接口出现了问题,识别为不是cdn","checker name":"alibaba","err":{"error":"unexpected end of JSON input","kind":"*json.SyntaxError","stack":null}}
{"level":"INFO","ts":"2024-05-14 20:55:54.124","caller":"cdn-check/manager.go:64","msg":"gomap CdnFilter 接口出现了问题,识别为不是cdn","err":{"error":"unexpected end of JSON input","kind":"*json.SyntaxError","stack":null},"checker name":"alibaba"}
{"level":"INFO","ts":"2024-05-14 20:55:54.156","caller":"cdn-check/manager.go:64","msg":"gomap CdnFilter 接口出现了问题,识别为不是cdn","err":{"error":"unexpected end of JSON input","kind":"*json.SyntaxError","stack":null},"checker name":"alibaba"}
{"level":"INFO","ts":"2024-05-14 20:55:54.186","caller":"cdn-check/manager.go:64","msg":"gomap CdnFilter 接口出现了问题,识别为不是cdn","err":{"error":"unexpected end of JSON input","kind":"*json.SyntaxError","stack":null},"checker name":"alibaba"}
{"level":"INFO","ts":"2024-05-14 20:55:54.217","caller":"cdn-check/manager.go:64","msg":"gomap CdnFilter 接口出现了问题,识别为不是cdn","err":{"error":"unexpected end of JSON input","kind":"*json.SyntaxError","stack":null},"checker name":"alibaba"}
{"level":"INFO","ts":"2024-05-14 20:55:54.248","caller":"cdn-check/manager.go:64","msg":"gomap CdnFilter 接口出现了问题,识别为不是cdn","err":{"error":"unexpected end of JSON input","kind":"*json.SyntaxError","stack":null},"checker name":"alibaba"}
{"level":"INFO","ts":"2024-05-14 20:55:54.278","caller":"cdn-check/manager.go:64","msg":"gomap CdnFilter 接口出现了问题,识别为不是cdn","err":{"error":"unexpected end of JSON input","kind":"*json.SyntaxError","stack":null},"checker name":"alibaba"}
{"level":"INFO","ts":"2024-05-14 20:55:54.309","caller":"cdn-check/manager.go:64","msg":"gomap CdnFilter 接口出现了问题,识别为不是cdn","err":{"error":"unexpected end of JSON input","kind":"*json.SyntaxError","stack":null},"checker name":"alibaba"}
{"level":"INFO","ts":"2024-05-14 20:55:54.340","caller":"cdn-check/manager.go:64","msg":"gomap CdnFilter 接口出现了问题,识别为不是cdn","err":{"error":"unexpected end of JSON input","kind":"*json.SyntaxError","stack":null},"checker name":"alibaba"}
{"level":"INFO","ts":"2024-05-14 20:55:54.371","caller":"cdn-check/manager.go:64","msg":"gomap CdnFilter 接口出现了问题,识别为不是cdn","err":{"error":"unexpected end of JSON input","kind":"*json.SyntaxError","stack":null},"checker name":"alibaba"}
{"level":"INFO","ts":"2024-05-14 20:55:54.402","caller":"cdn-check/manager.go:64","msg":"gomap CdnFilter 接口出现了问题,识别为不是cdn","err":{"error":"unexpected end of JSON input","kind":"*json.SyntaxError","stack":null},"checker name":"alibaba"}
{"level":"INFO","ts":"2024-05-14 20:55:54.433","caller":"cdn-check/manager.go:64","msg":"gomap CdnFilter 接口出现了问题,识别为不是cdn","checker name":"alibaba","err":{"error":"unexpected end of JSON input","kind":"*json.SyntaxError","stack":null}}
{"level":"INFO","ts":"2024-05-14 20:55:54.464","caller":"cdn-check/manager.go:64","msg":"gomap CdnFilter 接口出现了问题,识别为不是cdn","err":{"error":"unexpected end of JSON input","kind":"*json.SyntaxError","stack":null},"checker name":"alibaba"}
{"level":"INFO","ts":"2024-05-14 20:55:54.495","caller":"cdn-check/manager.go:64","msg":"gomap CdnFilter 接口出现了问题,识别为不是cdn","err":{"error":"unexpected end of JSON input","kind":"*json.SyntaxError","stack":null},"checker name":"alibaba"}
{"level":"INFO","ts":"2024-05-14 20:55:54.526","caller":"cdn-check/manager.go:64","msg":"gomap CdnFilter 接口出现了问题,识别为不是cdn","err":{"error":"unexpected end of JSON input","kind":"*json.SyntaxError","stack":null},"checker name":"alibaba"}
{"level":"INFO","ts":"2024-05-14 20:55:54.557","caller":"cdn-check/manager.go:64","msg":"gomap CdnFilter 接口出现了问题,识别为不是cdn","err":{"error":"unexpected end of JSON input","kind":"*json.SyntaxError","stack":null},"checker name":"alibaba"}
{"level":"INFO","ts":"2024-05-14 20:55:54.588","caller":"cdn-check/manager.go:64","msg":"gomap CdnFilter 接口出现了问题,识别为不是cdn","checker name":"alibaba","err":{"error":"unexpected end of JSON input","kind":"*json.SyntaxError","stack":null}}
{"level":"INFO","ts":"2024-05-14 20:55:54.619","caller":"cdn-check/manager.go:64","msg":"gomap CdnFilter 接口出现了问题,识别为不是cdn","err":{"error":"unexpected end of JSON input","kind":"*json.SyntaxError","stack":null},"checker name":"alibaba"}
{"level":"INFO","ts":"2024-05-14 20:55:54.650","caller":"cdn-check/manager.go:64","msg":"gomap CdnFilter 接口出现了问题,识别为不是cdn","checker name":"alibaba","err":{"error":"unexpected end of JSON input","kind":"*json.SyntaxError","stack":null}}
{"level":"INFO","ts":"2024-05-14 20:55:54.682","caller":"cdn-check/manager.go:64","msg":"gomap CdnFilter 接口出现了问题,识别为不是cdn","err":{"error":"unexpected end of JSON input","kind":"*json.SyntaxError","stack":null},"checker name":"alibaba"}
{"level":"INFO","ts":"2024-05-14 20:55:54.713","caller":"cdn-check/manager.go:64","msg":"gomap CdnFilter 接口出现了问题,识别为不是cdn","err":{"error":"unexpected end of JSON input","kind":"*json.SyntaxError","stack":null},"checker name":"alibaba"}
{"level":"INFO","ts":"2024-05-14 20:55:54.744","caller":"cdn-check/manager.go:64","msg":"gomap CdnFilter 接口出现了问题,识别为不是cdn","err":{"error":"unexpected end of JSON input","kind":"*json.SyntaxError","stack":null},"checker name":"alibaba"}
{"level":"INFO","ts":"2024-05-14 20:55:54.775","caller":"cdn-check/manager.go:64","msg":"gomap CdnFilter 接口出现了问题,识别为不是cdn","err":{"error":"unexpected end of JSON input","kind":"*json.SyntaxError","stack":null},"checker name":"alibaba"}
{"level":"INFO","ts":"2024-05-14 20:55:54.807","caller":"cdn-check/manager.go:64","msg":"gomap CdnFilter 接口出现了问题,识别为不是cdn","err":{"error":"unexpected end of JSON input","kind":"*json.SyntaxError","stack":null},"checker name":"alibaba"}
{"level":"INFO","ts":"2024-05-14 20:55:54.837","caller":"cdn-check/manager.go:64","msg":"gomap CdnFilter 接口出现了问题,识别为不是cdn","checker name":"alibaba","err":{"error":"unexpected end of JSON input","kind":"*json.SyntaxError","stack":null}}
{"level":"INFO","ts":"2024-05-14 20:55:54.868","caller":"cdn-check/manager.go:64","msg":"gomap CdnFilter 接口出现了问题,识别为不是cdn","checker name":"alibaba","err":{"error":"unexpected end of JSON input","kind":"*json.SyntaxError","stack":null}}
{"level":"INFO","ts":"2024-05-14 20:55:54.899","caller":"cdn-check/manager.go:64","msg":"gomap CdnFilter 接口出现了问题,识别为不是cdn","err":{"error":"unexpected end of JSON input","kind":"*json.SyntaxError","stack":null},"checker name":"alibaba"}
{"level":"INFO","ts":"2024-05-14 20:55:54.930","caller":"cdn-check/manager.go:64","msg":"gomap CdnFilter 接口出现了问题,识别为不是cdn","err":{"error":"unexpected end of JSON input","kind":"*json.SyntaxError","stack":null},"checker name":"alibaba"}
{"level":"INFO","ts":"2024-05-14 20:55:54.961","caller":"cdn-check/manager.go:64","msg":"gomap CdnFilter 接口出现了问题,识别为不是cdn","err":{"error":"unexpected end of JSON input","kind":"*json.SyntaxError","stack":null},"checker name":"alibaba"}
{"level":"INFO","ts":"2024-05-14 20:55:54.992","caller":"cdn-check/manager.go:64","msg":"gomap CdnFilter 接口出现了问题,识别为不是cdn","checker name":"alibaba","err":{"error":"unexpected end of JSON input","kind":"*json.SyntaxError","stack":null}}
{"level":"INFO","ts":"2024-05-14 20:55:55.022","caller":"cdn-check/manager.go:64","msg":"gomap CdnFilter 接口出现了问题,识别为不是cdn","err":{"error":"unexpected end of JSON input","kind":"*json.SyntaxError","stack":null},"checker name":"alibaba"}
{"level":"INFO","ts":"2024-05-14 20:55:55.053","caller":"cdn-check/manager.go:64","msg":"gomap CdnFilter 接口出现了问题,识别为不是cdn","err":{"error":"unexpected end of JSON input","kind":"*json.SyntaxError","stack":null},"checker name":"alibaba"}
{"level":"INFO","ts":"2024-05-14 20:55:55.084","caller":"cdn-check/manager.go:92","msg":"[gomap][CdnFilter]识别了ip:","原本的总ip数：":302,"识别为cdn的ip数：":0,"success number":0,"total number":302,"checker:":"alibaba","const time":9.4389146}
{"level":"INFO","ts":"2024-05-14 21:55:46.027","caller":"cdn-check/ip2cdn.go:32","msg":"register warning: config is not right","checker name":"alibaba"}
{"level":"INFO","ts":"2024-05-14 21:56:01.103","caller":"cdn-check/ip2cdn.go:32","msg":"register warning: config is not right","checker name":"baidu"}
{"level":"INFO","ts":"2024-05-14 21:56:01.103","caller":"cdn-check/ip2cdn.go:32","msg":"register warning: config is not right","checker name":"wangsu"}
{"level":"INFO","ts":"2024-05-14 21:56:01.104","caller":"cdn-check/ip2cdn.go:71","msg":"the ip addresses of the cdn the checkers recognized :","cdnList:":"[]"}
{"level":"INFO","ts":"2024-05-14 21:56:38.571","caller":"cdn-check/ip2cdn.go:32","msg":"register warning: config is not right","checker name":"alibaba"}
{"level":"INFO","ts":"2024-05-14 21:56:38.572","caller":"cdn-check/ip2cdn.go:32","msg":"register warning: config is not right","checker name":"baidu"}
{"level":"INFO","ts":"2024-05-14 21:56:38.572","caller":"cdn-check/ip2cdn.go:32","msg":"register warning: config is not right","checker name":"wangsu"}
{"level":"INFO","ts":"2024-05-14 21:56:38.572","caller":"cdn-check/ip2cdn.go:71","msg":"the ip addresses of the cdn the checkers recognized :","cdnList:":"[]"}
{"level":"INFO","ts":"2024-05-14 21:56:46.771","caller":"cdn-check/ip2cdn.go:32","msg":"register warning: config is not right","checker name":"alibaba"}
{"level":"INFO","ts":"2024-05-14 21:56:46.771","caller":"cdn-check/ip2cdn.go:32","msg":"register warning: config is not right","checker name":"baidu"}
{"level":"INFO","ts":"2024-05-14 21:56:46.772","caller":"cdn-check/ip2cdn.go:32","msg":"register warning: config is not right","checker name":"wangsu"}
{"level":"INFO","ts":"2024-05-14 21:56:46.772","caller":"cdn-check/ip2cdn.go:71","msg":"the ip addresses of the cdn the checkers recognized :","cdnList:":"[]"}
{"level":"INFO","ts":"2024-05-14 21:57:53.097","caller":"cdn-check/ip2cdn.go:32","msg":"register warning: config is not right","checker name":"alibaba"}
{"level":"INFO","ts":"2024-05-14 21:57:53.097","caller":"cdn-check/ip2cdn.go:32","msg":"register warning: config is not right","checker name":"baidu"}
{"level":"INFO","ts":"2024-05-14 21:57:53.097","caller":"cdn-check/ip2cdn.go:32","msg":"register warning: config is not right","checker name":"wangsu"}
{"level":"INFO","ts":"2024-05-14 21:57:53.097","caller":"cdn-check/ip2cdn.go:71","msg":"the ip addresses of the cdn the checkers recognized :","cdnList:":"[]"}
{"level":"INFO","ts":"2024-05-14 21:58:29.572","caller":"cdn-check/ip2cdn.go:40","msg":"cdn register success","checker name":"alibaba"}
{"level":"INFO","ts":"2024-05-14 21:58:29.573","caller":"cdn-check/ip2cdn.go:40","msg":"cdn register success","checker name":"baidu"}
{"level":"INFO","ts":"2024-05-14 21:58:29.573","caller":"cdn-check/ip2cdn.go:40","msg":"cdn register success","checker name":"wangsu"}
{"level":"INFO","ts":"2024-05-14 21:58:37.841","caller":"cdn-check/manager.go:92","msg":"[gomap][CdnFilter]识别了ip:","total number":302,"checker:":"alibaba","const time":8.2673518,"原本的总ip数：":302,"识别为cdn的ip数：":0,"success number":302}
{"level":"INFO","ts":"2024-05-14 21:58:39.829","caller":"cdn-check/manager.go:92","msg":"[gomap][CdnFilter]识别了ip:","success number":4,"total number":4,"checker:":"baidu","const time":1.9882071,"原本的总ip数：":302,"识别为cdn的ip数：":1}
{"level":"INFO","ts":"2024-05-14 21:58:40.518","caller":"cdn-check/manager.go:92","msg":"[gomap][CdnFilter]识别了ip:","原本的总ip数：":301,"识别为cdn的ip数：":0,"success number":16,"total number":16,"checker:":"wangsu","const time":0.6889757}
{"level":"INFO","ts":"2024-05-14 21:58:40.518","caller":"cdn-check/ip2cdn.go:71","msg":"the ip addresses of the cdn the checkers recognized :","cdnList:":"[116.114.98.35]"}
{"level":"WARN","ts":"2024-05-14 22:57:19.161","caller":"config/config.go:43","msg":"read cdn config warning:","reason":"cdn auth config.yaml path is nil"}
{"level":"INFO","ts":"2024-05-14 22:57:19.515","caller":"cdn-check/ip2cdn.go:42","msg":"cdn register success","checker name":"alibaba"}
{"level":"INFO","ts":"2024-05-14 22:57:19.515","caller":"cdn-check/ip2cdn.go:42","msg":"cdn register success","checker name":"baidu"}
{"level":"INFO","ts":"2024-05-14 22:57:19.515","caller":"cdn-check/ip2cdn.go:42","msg":"cdn register success","checker name":"wangsu"}
{"level":"INFO","ts":"2024-05-14 22:57:19.515","caller":"cdn-check/ip2cdn.go:42","msg":"cdn register success","checker name":"github"}
{"level":"INFO","ts":"2024-05-14 22:57:27.395","caller":"cdn-check/manager.go:92","msg":"[gomap][CdnFilter]识别了ip:","const time":7.879123,"原本的总ip数：":302,"识别为cdn的ip数：":0,"success number":302,"total number":302,"checker:":"alibaba"}
{"level":"INFO","ts":"2024-05-14 22:57:28.370","caller":"cdn-check/manager.go:92","msg":"[gomap][CdnFilter]识别了ip:","const time":0.9756998,"原本的总ip数：":302,"识别为cdn的ip数：":1,"success number":4,"total number":4,"checker:":"baidu"}
{"level":"INFO","ts":"2024-05-14 22:57:28.571","caller":"cdn-check/manager.go:92","msg":"[gomap][CdnFilter]识别了ip:","const time":0.2002131,"原本的总ip数：":301,"识别为cdn的ip数：":0,"success number":16,"total number":16,"checker:":"wangsu"}
{"level":"INFO","ts":"2024-05-14 22:57:28.572","caller":"cdn-check/manager.go:92","msg":"[gomap][CdnFilter]识别了ip:","success number":298,"total number":301,"checker:":"github","const time":0.0005234,"原本的总ip数：":301,"识别为cdn的ip数：":1}
{"level":"INFO","ts":"2024-05-14 22:57:28.572","caller":"cdn-check/ip2cdn.go:73","msg":"the ip addresses of the cdn the checkers recognized :","cdnList:":"[34.11.220.115 116.114.98.35]"}
{"level":"WARN","ts":"2024-05-14 22:58:21.101","caller":"config/config.go:43","msg":"read cdn config warning:","reason":"cdn auth config.yaml path is nil"}
{"level":"INFO","ts":"2024-05-14 22:58:21.457","caller":"cdn-check/ip2cdn.go:42","msg":"cdn register success","checker name":"alibaba"}
{"level":"INFO","ts":"2024-05-14 22:58:21.457","caller":"cdn-check/ip2cdn.go:42","msg":"cdn register success","checker name":"baidu"}
{"level":"INFO","ts":"2024-05-14 22:58:21.457","caller":"cdn-check/ip2cdn.go:42","msg":"cdn register success","checker name":"wangsu"}
{"level":"INFO","ts":"2024-05-14 22:58:21.457","caller":"cdn-check/ip2cdn.go:42","msg":"cdn register success","checker name":"github"}
{"level":"INFO","ts":"2024-05-14 22:58:29.490","caller":"cdn-check/manager.go:92","msg":"[gomap][CdnFilter]识别了ip:","checker:":"alibaba","const time":8.0320716,"原本的总ip数：":302,"识别为cdn的ip数：":0,"success number":302,"total number":302}
{"level":"INFO","ts":"2024-05-14 22:58:29.814","caller":"cdn-check/manager.go:92","msg":"[gomap][CdnFilter]识别了ip:","checker:":"baidu","const time":0.3237119,"原本的总ip数：":302,"识别为cdn的ip数：":1,"success number":4,"total number":4}
{"level":"INFO","ts":"2024-05-14 22:58:30.591","caller":"cdn-check/manager.go:92","msg":"[gomap][CdnFilter]识别了ip:","success number":16,"total number":16,"checker:":"wangsu","const time":0.7768685,"原本的总ip数：":301,"识别为cdn的ip数：":0}
{"level":"INFO","ts":"2024-05-14 22:58:30.592","caller":"cdn-check/manager.go:92","msg":"[gomap][CdnFilter]识别了ip:","const time":0,"原本的总ip数：":301,"识别为cdn的ip数：":1,"success number":1,"total number":1,"checker:":"github"}
{"level":"INFO","ts":"2024-05-14 22:58:30.592","caller":"cdn-check/ip2cdn.go:73","msg":"the ip addresses of the cdn the checkers recognized :","cdnList:":"[143.204.45.190 116.114.98.35]"}
{"level":"WARN","ts":"2024-05-14 23:02:26.301","caller":"config/config.go:43","msg":"read cdn config warning:","reason":"cdn auth config.yaml path is nil"}
{"level":"INFO","ts":"2024-05-14 23:02:29.230","caller":"cdn-check/ip2cdn.go:42","msg":"cdn register success","checker name":"github"}
{"level":"INFO","ts":"2024-05-14 23:02:30.911","caller":"cdn-check/manager.go:92","msg":"[gomap][CdnFilter]识别了ip:","识别为cdn的ip数：":1,"success number":1,"total number":1,"checker:":"github","const time":0.2226081,"原本的总ip数：":302}
{"level":"INFO","ts":"2024-05-14 23:02:30.911","caller":"cdn-check/ip2cdn.go:73","msg":"the ip addresses of the cdn the checkers recognized :","cdnList:":"[18.154.69.42]"}
